objectid,siteid,operator,datasource,comid_medres
1,ACZ,OTHER,CDEC,948050078
2,AMC,OTHER,CDEC,15022615
3,ANH,DWR,CDEC,1889652
4,ARD,OTHER,CDEC,15022465
5,ARW,OTHER,CDEC,15022723
6,BAN,USGS,NWIS,8015301
7,BBD,DWR,CDEC,2770154
8,BBQ,OTHER,CDEC,12074518
9,BCQ,OTHER,CDEC,17100939
10,BDH,DWR,CDEC,1679005
11,BDL,DWR,CDEC,2788329
12,BEN,DWR,CDEC,1889500
13,BLL,DWR,CDEC,2794699
14,BOC,OTHER,CDEC,8933684
15,BPB,DWR,CDEC,7952064
16,BSO,DWR,CDEC,24688080
17,BTG,DWR,CDEC,1683401
18,BYL,DWR,CDEC,15039097
19,CCI,USGS,NWIS,17562626
20,CCK,DWR,CDEC,17152228
21,CIS,DWR,CDEC,1897540
22,CML,USGS,NWIS,17599295
23,CMR,OTHER,CDEC,17600111
24,CRB,OTHER,CDEC,15022315
25,CRD,OTHER,CDEC,1669283
26,CRH,OTHER,CDEC,17153904
27,CSE,DWR,CDEC,15048371
28,CSW,OTHER,CDEC,17153414
29,CVL,OTHER,CDEC,946050151
30,CWC,DWR,CDEC,1679425
31,CYG,DWR,CDEC,2784883
32,DBD,DWR,CDEC,1893562
33,DBI,DWR,CDEC,1897678
34,DBT,OTHER,CDEC,8273255
35,DCD,OTHER,CDEC,2822808
36,DCW,USGS,NWIS,15069314
37,DFR,OTHER,CDEC,2824102
38,DGL,DWR,CDEC,1894580
39,DM3,OTHER,CDEC,19784447
40,DOT,OTHER,CDEC,8270445
41,DRF,DWR,CDEC,22227026
42,DSJ,USGS,NWIS,1889676
43,DSR,OTHER,CDEC,14930291
44,DTW,OTHER,CDEC,948030244
45,EDA,DWR,CDEC,17150416
46,EDB,DWR,CDEC,17569915
47,EDV,OTHER,CDEC,948050176
48,EFM,DWR,CDEC,22658611
49,EGN,OTHER,CDEC,948021178
50,EPK,OTHER,CDEC,7994729
51,FCC,DWR,CDEC,3801011
52,FDT,DWR,CDEC,8039053
53,FEW,DWR,CDEC,2858219
54,FLO,OTHER,CDEC,7972549
55,FPT,USGS,NWIS,15048349
56,FS1,OTHER,CDEC,21609935
57,FS2,OTHER,CDEC,21609935
58,GAL,DWR,CDEC,17152186
59,GCA,OTHER,CDEC,2789555
60,GCC,OTHER,CDEC,2789273
61,GCT,DWR,CDEC,1894560
62,GLC,DWR,CDEC,1897448
63,GMR,OTHER,CDEC,8273219
64,GSM,DWR,CDEC,15059791
65,GTB,OTHER,CDEC,2790323
66,GVB,OTHER,CDEC,8272675
67,GVD,OTHER,CDEC,2790413
68,GVO,OTHER,CDEC,8245934
69,GYS,DWR,CDEC,2784993
70,HCC,OTHER,CDEC,22048993
71,HIQ,OTHER,CDEC,17100573
72,HRY,OTHER,CDEC,948021135
73,HST,DWR,CDEC,948021144
74,HUN,DWR,CDEC,2785507
75,IBS,DWR,CDEC,2784861
76,ING,OTHER,CDEC,2820000
77,ISH,DWR,CDEC,948040391
78,JRM,OTHER,CDEC,17153550
79,KCH,USGS,NWIS,8009441
80,KLG,DWR,CDEC,2858177
81,KNL,DWR,CDEC,2858217
82,KRG,OTHER,CDEC,7968481
83,KRM,OTHER,CDEC,17158894
84,LCF,OTHER,CDEC,2819530
85,LCO,OTHER,CDEC,15022339
86,LDT,DWR,CDEC,8039223
87,LIR,DWR,CDEC,15048167
88,LIY,DWR,CDEC,15048167
89,LNB,OTHER,CDEC,7970701
90,LOR,OTHER,CDEC,15024809
91,LRS,OTHER,CDEC,2556339
92,LSR,OTHER,CDEC,3917198
93,LTA,DWR,CDEC,1678551
94,MBW,OTHER,CDEC,1896910
95,MCC,DWR,CDEC,3953273
96,MDA,OTHER,CDEC,1892802
97,MFV,DWR,CDEC,948020360
98,MHR,DWR,CDEC,1893618
99,MJB,USGS,NWIS,20204608
100,MNV,USGS,NWIS,17573685
101,MOD,USGS,NWIS,2823972
102,MRH,OTHER,CDEC,1893504
103,MRK,OTHER,CDEC,8267775
104,MRQ,OTHER,CDEC,19777277
105,MRT,OTHER,CDEC,8933858
106,MRZ,DWR,CDEC,948050105
107,MSL,DWR,CDEC,2788515
108,MTB,DWR,CDEC,1909450
109,MUP,DWR,CDEC,1897576
110,MUR,OTHER,CDEC,343637
111,MVD,OTHER,CDEC,7926519
112,MVV,USGS,NWIS,948090919
113,NCC,DWR,CDEC,8006487
114,NCO,DWR,CDEC,2797949
115,NCU,DWR,CDEC,8006491
116,NDC,OTHER,CDEC,22050465
117,NIC,DWR,CDEC,7975787
118,NKB,OTHER,CDEC,22050473
119,NKC,OTHER,CDEC,22057895
120,NKW,OTHER,CDEC,22049247
121,NMD,OTHER,CDEC,17116195
122,OCD,DWR,CDEC,19771799
123,OWQ,OTHER,CDEC,19771585
124,PAU,DWR,CDEC,20341605
125,PBM,USGS,NWIS,948020199
126,PBS,DWR,CDEC,3917466
127,PCE,DWR,CDEC,948010105
128,PEL,DWR,CDEC,2787605
129,PM1,DWR,CDEC,7973585
130,PM2,DWR,CDEC,7971077
131,PM3,DWR,CDEC,7970827
132,PMC,DWR,CDEC,8006167
133,PME,DWR,CDEC,948010105
134,PRS,OTHER,CDEC,8933720
135,PSP,OTHER,CDEC,948050069
136,PTB,OTHER,CDEC,1670231
137,Q01,OTHER,CDEC,8307150
138,Q03,OTHER,CDEC,8307150
139,Q04,OTHER,CDEC,8307132
140,Q05,OTHER,CDEC,8307132
141,Q06,OTHER,CDEC,8307044
142,Q07,OTHER,CDEC,8307044
143,Q08,OTHER,CDEC,8307132
144,Q09,OTHER,CDEC,8307132
145,Q12,OTHER,CDEC,8307038
146,Q13,OTHER,CDEC,8307020
147,Q14,OTHER,CDEC,8307020
148,Q15,OTHER,CDEC,8306962
149,Q17,OTHER,CDEC,8306962
150,RCF,OTHER,CDEC,2822870
151,RDB,OTHER,CDEC,12068890
152,RGP,DWR,CDEC,1897470
153,RHW,OTHER,CDEC,1670357
154,RMB,OTHER,CDEC,2789375
155,ROR,DWR,CDEC,2787571
156,RTM,DWR,CDEC,15035975
157,SB1,DWR,CDEC,7973599
158,SB2,DWR,CDEC,7971129
159,SB3,DWR,CDEC,7972753
160,SBG,DWR,CDEC,3917966
161,SBS,DWR,CDEC,24688080
162,SCK,DWR,CDEC,3799493
163,SCQ,OTHER,CDEC,17159708
164,SDK,OTHER,CDEC,1669111
165,SGG,USGS,NWIS,15048167
166,SGN,DWR,CDEC,3801139
167,SHG,OTHER,CDEC,2822918
168,SJL,DWR,CDEC,1894450
169,SLG,OTHER,CDEC,17605323
170,SNC,DWR,CDEC,2785643
171,SNP,OTHER,CDEC,1671493
172,SR3,DWR,CDEC,15048263
173,SRE,DWR,CDEC,3918384
174,SSW,DWR,CDEC,15039097
175,STF,OTHER,CDEC,17573683
176,SWC,OTHER,CDEC,17116159
177,TEH,DWR,CDEC,12068958
178,TLR,OTHER,CDEC,17155200
179,TPI,DWR,CDEC,1894696
180,TPP,DWR,CDEC,1897404
181,TPS,DWR,CDEC,1894696
182,TRT,DWR,CDEC,2819990
183,TSC,OTHER,CDEC,14930723
184,TSG,OTHER,CDEC,14930541
185,TSP,OTHER,CDEC,14930339
186,TUR,DWR,CDEC,4438356
187,UCS,USGS,NWIS,15048171
188,ULC,USGS,NWIS,15047885
189,VBR,OTHER,CDEC,1671771
190,VCA,OTHER,CDEC,17573709
191,VFP,USGS,NWIS,948070372
192,VNI,DWR,CDEC,1889734
193,VNM,OTHER,CDEC,15022441
194,VOL,DWR,CDEC,2784731
195,VRS,OTHER,CDEC,15022307
196,W14,OTHER,CDEC,17116229
197,W3B,OTHER,CDEC,8272789
198,WBR,OTHER,CDEC,948040261
199,WCB,OTHER,CDEC,17116325
200,WCF,DWR,CDEC,2843685
201,WCR,OTHER,CDEC,17115637
202,WCY,OTHER,CDEC,2789339
203,WDB,OTHER,CDEC,2789253
204,WFM,DWR,CDEC,22658543
205,WGS,DWR,CDEC,15059791
206,WLB,OTHER,CDEC,1669263
207,WMR,OTHER,CDEC,2789229
208,WRC,OTHER,CDEC,14934860
209,WRM,OTHER,CDEC,8272083
210,WRT,DWR,CDEC,14883693
211,WRV,OTHER,CDEC,17165666
212,WWR,USGS,NWIS,10744456
213,YDR,USGS,NWIS,22549121
214,YKL,OTHER,CDEC,17158942
215,YUB,DWR,CDEC,7972591
216,09429490,USGS,NWIS,10005030
217,103087865,USGS,NWIS,8922761
218,103087889,USGS,NWIS,8922717
219,103087891,USGS,NWIS,8922743
220,11049250,USGS,NWIS,22555476
221,11159500,USGS,NWIS,17665505
222,11250110,USGS,NWIS,19792057
223,11252975,USGS,NWIS,19784325
224,11293372,USGS,NWIS,342447
225,11293462,USGS,NWIS,342417
226,11295340,USGS,NWIS,343221
227,11295910,USGS,NWIS,347255
228,11298650,USGS,NWIS,343523
229,11313482,USGS,NWIS,17053884
230,11316605,USGS,NWIS,17055724
231,11354500,USGS,NWIS,7949048
232,11359120,USGS,NWIS,7951824
233,11359200,USGS,NWIS,7951824
234,11416700,USGS,NWIS,8063567
235,11428995,USGS,NWIS,14997357
236,11436510,USGS,NWIS,14982982
237,11439510,USGS,NWIS,14983452
238,11439999,USGS,NWIS,14983440
239,11440480,USGS,NWIS,14983410
240,11440530,USGS,NWIS,14983416
241,10251259,USGS,NWIS,20245526
242,10260820,USGS,NWIS,22660067
243,10262600,USGS,NWIS,22656481
244,10264530,USGS,NWIS,22680512
245,10264560,USGS,NWIS,948090486
246,10270800,USGS,NWIS,20277159
247,10270872,USGS,NWIS,20277013
248,10270970,USGS,NWIS,20277761
249,10271200,USGS,NWIS,20277761
250,10287069,USGS,NWIS,20286400
251,10287145,USGS,NWIS,20286396
252,10287195,USGS,NWIS,20286396
253,10287262,USGS,NWIS,20287674
254,10287289,USGS,NWIS,20287432
255,10287655,USGS,NWIS,20287270
256,10287720,USGS,NWIS,20287628
257,10287770,USGS,NWIS,20287584
258,10336790,USGS,NWIS,8945207
259,11052500,USGS,NWIS,22556110
260,11055000,USGS,NWIS,22558282
261,11109395,USGS,NWIS,17569239
262,11134500,USGS,NWIS,17608959
263,11185500,USGS,NWIS,14972873
264,11186000,USGS,NWIS,14971723
265,11192000,USGS,NWIS,14947214
266,11192500,USGS,NWIS,14940950
267,11201456,USGS,NWIS,14930941
268,11202710,USGS,NWIS,14930953
269,11208600,USGS,NWIS,14922147
270,11208730,USGS,NWIS,14922311
271,11216500,USGS,NWIS,22050465
272,11230070,USGS,NWIS,17119107
273,11230200,USGS,NWIS,17118415
274,11230215,USGS,NWIS,948040328
275,11230500,USGS,NWIS,17118323
276,11231500,USGS,NWIS,17119099
277,11237000,USGS,NWIS,948040323
278,11237500,USGS,NWIS,17116209
279,11238270,USGS,NWIS,17116227
280,11239300,USGS,NWIS,17116249
281,11241500,USGS,NWIS,17115711
282,11244000,USGS,NWIS,17115319
283,11249500,USGS,NWIS,19778329
284,11250000,USGS,NWIS,19792057
285,11292615,USGS,NWIS,346691
286,11292700,USGS,NWIS,344873
287,11292900,USGS,NWIS,343203
288,11293760,USGS,NWIS,347483
289,11295240,USGS,NWIS,343271
290,11297500,USGS,NWIS,343847
291,11298000,USGS,NWIS,343907
292,11298700,USGS,NWIS,343715
293,11301000,USGS,NWIS,348541
294,11302500,USGS,NWIS,2826184
295,11313472,USGS,NWIS,17053870
296,11313477,USGS,NWIS,17053886
297,11313485,USGS,NWIS,17053914
298,11314000,USGS,NWIS,17055528
299,11315000,USGS,NWIS,17053540
300,11315030,USGS,NWIS,17053540
301,11315900,USGS,NWIS,17053182
302,11316100,USGS,NWIS,17055540
303,11316800,USGS,NWIS,17056582
304,11317000,USGS,NWIS,17056670
305,11318500,USGS,NWIS,17056948
306,11325000,USGS,NWIS,3953371
307,11351946,USGS,NWIS,7926519
308,11351948,USGS,NWIS,7926519
309,11353700,USGS,NWIS,7948006
310,11358700,USGS,NWIS,7952820
311,11362880,USGS,NWIS,7948266
312,11362890,USGS,NWIS,7948266
313,11362940,USGS,NWIS,7948302
314,11362945,USGS,NWIS,7948302
315,11363930,USGS,NWIS,7948346
316,11365000,USGS,NWIS,7950850
317,11372080,USGS,NWIS,2764428
318,11376015,USGS,NWIS,2764410
319,11376140,USGS,NWIS,2765994
320,11389720,USGS,NWIS,2770060
321,11389780,USGS,NWIS,2770158
322,11395030,USGS,NWIS,8037179
323,11395200,USGS,NWIS,8037383
324,11396000,USGS,NWIS,8037505
325,11396200,USGS,NWIS,8037545
326,11399500,USGS,NWIS,2773566
327,11400500,USGS,NWIS,2773562
328,11401165,USGS,NWIS,8027386
329,11404300,USGS,NWIS,2775564
330,11404380,USGS,NWIS,2775724
331,11405120,USGS,NWIS,2773596
332,11405200,USGS,NWIS,2775382
333,11406810,USGS,NWIS,7968427
334,11406890,USGS,NWIS,1679583
335,11406900,USGS,NWIS,1682619
336,11406910,USGS,NWIS,1682827
337,11406920,USGS,NWIS,7972401
338,11407815,USGS,NWIS,8058651
339,11408000,USGS,NWIS,8063381
340,11408550,USGS,NWIS,8058581
341,11409400,USGS,NWIS,8060553
342,11413300,USGS,NWIS,8056663
343,11413320,USGS,NWIS,8056721
344,11413323,USGS,NWIS,8056723
345,11414100,USGS,NWIS,8064519
346,11414170,USGS,NWIS,15014833
347,11414200,USGS,NWIS,15014911
348,11414250,USGS,NWIS,8064105
349,11414265,USGS,NWIS,8063833
350,11414360,USGS,NWIS,8063671
351,11414700,USGS,NWIS,8063383
352,11416000,USGS,NWIS,8063529
353,11416100,USGS,NWIS,8063929
354,11416500,USGS,NWIS,8063529
355,11416610,USGS,NWIS,8063527
356,11416620,USGS,NWIS,8063527
357,11421710,USGS,NWIS,15014823
358,11421770,USGS,NWIS,15014869
359,11422000,USGS,NWIS,15014897
360,11422500,USGS,NWIS,15014563
361,11426190,USGS,NWIS,14991645
362,11427500,USGS,NWIS,14993579
363,11427700,USGS,NWIS,14992381
364,11427750,USGS,NWIS,14992381
365,11427760,USGS,NWIS,14992983
366,11427770,USGS,NWIS,14992983
367,11427960,USGS,NWIS,14997045
368,11428400,USGS,NWIS,14993077
369,11428800,USGS,NWIS,14992773
370,11429500,USGS,NWIS,14993085
371,11434500,USGS,NWIS,14981866
372,11435100,USGS,NWIS,14982014
373,11436000,USGS,NWIS,14983016
374,11439500,USGS,NWIS,14982602
375,11441800,USGS,NWIS,14981742
376,11442700,USGS,NWIS,14982148
377,11443500,USGS,NWIS,14982578
378,11444200,USGS,NWIS,14982384
379,11454210,USGS,NWIS,15039489
380,11470500,USGS,NWIS,8309952
381,11474780,USGS,NWIS,2706945
382,11477425,USGS,NWIS,2705651
383,11477450,USGS,NWIS,2705657
384,11480410,USGS,NWIS,8319981
385,14361600,USGS,NWIS,360243
386,09423350,USGS,NWIS,10017314
387,10251290,USGS,NWIS,20247214
388,10251300,USGS,NWIS,20247268
389,10251330,USGS,NWIS,20247386
390,10251335,USGS,NWIS,20247362
391,GLE,CA Dept of Water Resources/NCRO,CDEC,1894604
392,10254050,USGS,NWIS,22599679
393,10254730,USGS,NWIS,22598685
394,10254970,USGS,NWIS,22603541
395,10255550,USGS,NWIS,22599619
396,10255810,USGS,NWIS,22595619
397,10255895,USGS,NWIS,22590047
398,10255897,USGS,NWIS,22590047
399,10256500,USGS,NWIS,22593463
400,10257500,USGS,NWIS,22591931
401,10257548,USGS,NWIS,948100389
402,10257549,USGS,NWIS,948100389
403,10257600,USGS,NWIS,22590267
404,10257720,USGS,NWIS,22591957
405,10258000,USGS,NWIS,22593497
406,10258500,USGS,NWIS,22593537
407,10258700,USGS,NWIS,22593539
408,10259000,USGS,NWIS,22592131
409,10259050,USGS,NWIS,948100382
410,10259100,USGS,NWIS,22593529
411,10259200,USGS,NWIS,22592497
412,10259300,USGS,NWIS,22593695
413,10259540,USGS,NWIS,22592737
414,10260500,USGS,NWIS,22658309
415,10260950,USGS,NWIS,22660257
416,10261500,USGS,NWIS,948090919
417,10262500,USGS,NWIS,22656105
418,10263000,USGS,NWIS,948091323
419,10263500,USGS,NWIS,22684930
420,10265100,USGS,NWIS,20274997
421,10265150,USGS,NWIS,20273931
422,10293000,USGS,NWIS,8915857
423,10296000,USGS,NWIS,10744424
424,10296500,USGS,NWIS,946050152
425,10308200,USGS,NWIS,8922715
426,10308783,USGS,NWIS,8922761
427,10308784,USGS,NWIS,8922761
428,10308785,USGS,NWIS,8922761
429,103087853,USGS,NWIS,8922761
430,10308789,USGS,NWIS,8922717
431,10308792,USGS,NWIS,8922677
432,10308794,USGS,NWIS,8922665
433,10310000,USGS,NWIS,8924041
434,103366092,USGS,NWIS,8943677
435,10336610,USGS,NWIS,8944439
436,10336645,USGS,NWIS,8941733
437,10336660,USGS,NWIS,8941693
438,10336674,USGS,NWIS,8941685
439,10336676,USGS,NWIS,8941685
440,10336780,USGS,NWIS,8944453
441,10337500,USGS,NWIS,8934074
442,10337810,USGS,NWIS,8934054
443,10338000,USGS,NWIS,8933958
444,10338500,USGS,NWIS,8933876
445,10338700,USGS,NWIS,8933890
446,10339410,USGS,NWIS,8933802
447,10340500,USGS,NWIS,8933736
448,10341100,USGS,NWIS,8933454
449,10343000,USGS,NWIS,8933376
450,10343500,USGS,NWIS,8933522
451,10344400,USGS,NWIS,8933494
452,10344500,USGS,NWIS,8933684
453,10344505,USGS,NWIS,8933706
454,10346000,USGS,NWIS,8933532
455,11012500,USGS,NWIS,20326431
456,11014000,USGS,NWIS,20334508
457,11015000,USGS,NWIS,20334440
458,11016200,USGS,NWIS,948070230
459,11022200,USGS,NWIS,20332986
460,11022480,USGS,NWIS,20331402
461,11023000,USGS,NWIS,20331516
462,11023340,USGS,NWIS,20331196
463,11025500,USGS,NWIS,20330878
464,11027000,USGS,NWIS,20330872
465,11028500,USGS,NWIS,20330908
466,11042000,USGS,NWIS,20342539
467,11042400,USGS,NWIS,22549471
468,11042631,USGS,NWIS,22549093
469,11042700,USGS,NWIS,22545337
470,11042800,USGS,NWIS,22547091
471,11465200,USGS,NWIS,8272125
472,11465240,USGS,NWIS,8272227
473,11465350,USGS,NWIS,8272363
474,11465390,USGS,NWIS,8272685
475,11465660,USGS,NWIS,8273423
476,DFB,"CA Dept of Water Resources, NRO",CDEC,3918012
477,DID,"CA Dept of Water Resources, NRO",CDEC,12069380
478,DNB,US Bureau of Reclamation,CDEC,19791999
479,DSN,Merced Irrigation District,CDEC,2824270
480,DSW,"CA Dept of Water Resources, NRO",CDEC,3917466
481,DVD,CA Dept of Water Resources,CDEC,12071174
482,EBM,CA Dept of Water Resources/SCRO,CDEC,19771829
483,EBY,Kaweah Delta Water Conservation District,CDEC,17155110
484,ECC,"CA Dept of Water Resources, Southern Field Div",CDEC,17569955
485,ERS,CA Dept of Fish and Wildlife,CDEC,2704731
486,EVA,Pacific Gas & Electric,CDEC,8307546
487,EWR,USGS,NWIS,8915857
488,F56,Pacific Gas & Electric,CDEC,2775676
489,F57,Pacific Gas & Electric,CDEC,2775196
490,F70,Pacific Gas & Electric,CDEC,2773068
491,FCK,"CA Dept of Water Resources, Southern Field Div",CDEC,17569729
492,FCT,CA Dept of Water Resources/NCRO,CDEC,1909510
493,FHH,City and County of San Francisco,CDEC,17082117
494,FHL,US Army Corps of Engineers,CDEC,17101085
495,FRD,CA Dept of Water Resources/O & M,CDEC,8039053
496,FRE,CA Dept of Water Resources/NCRO,CDEC,2858219
497,FRU,CA Dept of Water Resources/SCRO,CDEC,17099917
498,FSB,CA Dept of Water Resources/NCRO,CDEC,7972633
499,GDW,US Bureau of Reclamation,CDEC,349891
500,GRF,US Bureau of Reclamation,CDEC,19784325
501,GRI,US Bureau of Reclamation,CDEC,7993111
502,GRL,CA Dept of Water Resources/O & M,CDEC,7972453
503,GUD,Santa Clara Valley Water District,CDEC,17694255
504,H41,US Bureau of Reclamation,CDEC,19791991
505,H59,Merced Irrigation District,CDEC,2833534
506,11042900,USGS,NWIS,948070502
507,11043000,USGS,NWIS,22549073
508,11044000,USGS,NWIS,22549075
509,11044250,USGS,NWIS,22548475
510,11044300,USGS,NWIS,22548457
511,11044350,USGS,NWIS,22548429
512,11044800,USGS,NWIS,22548441
513,11045300,USGS,NWIS,22549115
514,11045600,USGS,NWIS,22548547
515,11045700,USGS,NWIS,22548545
516,11046000,USGS,NWIS,22548559
517,11046050,USGS,NWIS,22549121
518,11046100,USGS,NWIS,20351631
519,11046300,USGS,NWIS,20351605
520,11046360,USGS,NWIS,20350869
521,11046530,USGS,NWIS,20348919
522,11047300,USGS,NWIS,20350681
523,11048200,USGS,NWIS,20355400
524,11048600,USGS,NWIS,20355520
525,11051499,USGS,NWIS,22558244
526,11051502,USGS,NWIS,22558244
527,11055500,USGS,NWIS,22555860
528,11055800,USGS,NWIS,22555756
529,11057500,USGS,NWIS,22557960
530,11058000,USGS,NWIS,22557854
531,11058500,USGS,NWIS,22555146
532,11058600,USGS,NWIS,22555344
533,11059300,USGS,NWIS,22557930
534,11060400,USGS,NWIS,22557922
535,11062000,USGS,NWIS,22554826
536,11062399,USGS,NWIS,24843814
537,11062400,USGS,NWIS,24843814
538,11062450,USGS,NWIS,24843814
539,11063510,USGS,NWIS,22557744
540,11063680,USGS,NWIS,22554872
541,11065000,USGS,NWIS,22557922
542,11066320,USGS,NWIS,22558144
543,11066460,USGS,NWIS,22563032
544,11069500,USGS,NWIS,22535256
545,11070150,USGS,NWIS,22537332
546,11070210,USGS,NWIS,22534640
547,11070270,USGS,NWIS,22534638
548,11070365,USGS,NWIS,22532938
549,11070465,USGS,NWIS,22532978
550,11070500,USGS,NWIS,22534666
551,11071760,USGS,NWIS,22563268
552,11071900,USGS,NWIS,22563462
553,11072100,USGS,NWIS,22560716
554,11073300,USGS,NWIS,22557914
555,11073360,USGS,NWIS,22556372
556,11073495,USGS,NWIS,22563070
557,11074000,USGS,NWIS,22563116
558,11075720,USGS,NWIS,22527369
559,11075800,USGS,NWIS,22563272
560,11077500,USGS,NWIS,22563210
561,11078000,USGS,NWIS,22563212
562,11085000,USGS,NWIS,22524845
563,11087020,USGS,NWIS,22521721
564,11088500,USGS,NWIS,22527375
565,11089500,USGS,NWIS,22527373
566,11092450,USGS,NWIS,22515812
567,11097000,USGS,NWIS,22515762
568,11098000,USGS,NWIS,22514774
569,11101250,USGS,NWIS,22515826
570,11102300,USGS,NWIS,22515830
571,11109000,USGS,NWIS,17575785
572,11109550,USGS,NWIS,17572259
573,11109600,USGS,NWIS,17572335
574,11109800,USGS,NWIS,17575859
575,11111500,USGS,NWIS,17567911
576,11113000,USGS,NWIS,17574397
577,11113500,USGS,NWIS,17573647
578,11114495,USGS,NWIS,17585808
579,11118500,USGS,NWIS,948070372
580,11119500,USGS,NWIS,17596159
581,11138500,USGS,NWIS,17625379
582,11119745,USGS,NWIS,17595453
583,11119750,USGS,NWIS,17595453
584,11119940,USGS,NWIS,17596111
585,11120000,USGS,NWIS,17595429
586,11120500,USGS,NWIS,17596109
587,11120520,USGS,NWIS,17596097
588,11121900,USGS,NWIS,17610919
589,11122010,USGS,NWIS,17610919
590,11123000,USGS,NWIS,17610919
591,11123500,USGS,NWIS,17611449
592,11124500,USGS,NWIS,17611425
593,11125600,USGS,NWIS,17610419
594,11125605,USGS,NWIS,17610419
595,11126000,USGS,NWIS,17611427
596,11128250,USGS,NWIS,17607945
597,11128500,USGS,NWIS,17609015
598,11129800,USGS,NWIS,17607773
599,11132500,USGS,NWIS,17609017
600,11133000,USGS,NWIS,948060325
601,11134000,USGS,NWIS,17608959
602,11135800,USGS,NWIS,17620166
603,11136100,USGS,NWIS,17620568
604,11136600,USGS,NWIS,17636664
605,11136800,USGS,NWIS,17633130
606,11137900,USGS,NWIS,17632398
607,11140000,USGS,NWIS,17625349
608,11140585,USGS,NWIS,17625465
609,11141050,USGS,NWIS,17624441
610,11141280,USGS,NWIS,8193647
611,11143000,USGS,NWIS,8189809
612,11143200,USGS,NWIS,17600477
613,11143250,USGS,NWIS,17599295
614,11147500,USGS,NWIS,8212843
615,11148500,USGS,NWIS,17647991
616,11148900,USGS,NWIS,8209949
617,11149400,USGS,NWIS,8212787
618,11149900,USGS,NWIS,8210533
619,11182500,USGS,NWIS,2790443
620,11479560,USGS,NWIS,2702013
621,11189500,USGS,NWIS,14961121
622,11200800,USGS,NWIS,14934716
623,11203580,USGS,NWIS,14930711
624,11204100,USGS,NWIS,14930789
625,11206820,USGS,NWIS,14917771
626,11224000,USGS,NWIS,17112805
627,11224500,USGS,NWIS,14883269
628,11251000,USGS,NWIS,19791955
629,11447360,USGS,NWIS,15022679
630,11447650,USGS,NWIS,15048349
631,11447830,USGS,NWIS,15059759
632,11447850,USGS,NWIS,15059771
633,11447890,USGS,NWIS,15059765
634,11447903,USGS,NWIS,15059791
635,11447905,USGS,NWIS,15048245
636,11449500,USGS,NWIS,948020963
637,11451000,USGS,NWIS,8009269
638,11451100,USGS,NWIS,8005975
639,11451300,USGS,NWIS,8006491
640,11525500,USGS,NWIS,8246426
641,11525530,USGS,NWIS,8246406
642,11525655,USGS,NWIS,8245886
643,NKD,Pacific Gas & Electric,CDEC,22057161
644,NML,US Bureau of Reclamation,CDEC,348435
645,NPH,USGS,NWIS,1670127
646,NSD,Northern California Power Agency,CDEC,342483
647,NSL,"CA Dept of Water Resources, DES",CDEC,2788515
648,NYS,Yuba County Water Agency,CDEC,8056781
649,OBB,CA Dept of Water Resources,CDEC,2825866
650,OH1,CA Dept of Water Resources,CDEC,1894466
651,OLD,CA Dept of Water Resources/O & M,CDEC,1894560
652,OMR,CA Dept of Water Resources/O & M,CDEC,1909424
653,ORD,CA Dept of Water Resources,CDEC,2845759
654,ORH,Yuba County,CDEC,8063597
655,11150500,USGS,NWIS,8211251
656,11151300,USGS,NWIS,8205487
657,11151700,USGS,NWIS,948060170
658,11151870,USGS,NWIS,8203373
659,11152000,USGS,NWIS,8205291
660,11152050,USGS,NWIS,8205489
661,11152300,USGS,NWIS,8200795
662,11152500,USGS,NWIS,8200523
663,11152650,USGS,NWIS,17604479
664,11153000,USGS,NWIS,17663037
665,11153650,USGS,NWIS,948060250
666,11156500,USGS,NWIS,17665649
667,11157500,USGS,NWIS,17663805
668,11158600,USGS,NWIS,17663521
669,11159000,USGS,NWIS,17663281
670,11159200,USGS,NWIS,17665491
671,11160000,USGS,NWIS,17684378
672,11160500,USGS,NWIS,17682474
673,11161000,USGS,NWIS,17684066
674,11162500,USGS,NWIS,17688105
675,11162570,USGS,NWIS,17687965
676,11162620,USGS,NWIS,17687547
677,11162630,USGS,NWIS,17688275
678,11162753,USGS,NWIS,2804621
679,11164500,USGS,NWIS,17693217
680,11169025,USGS,NWIS,17694137
681,11169500,USGS,NWIS,17693069
682,11169800,USGS,NWIS,17694891
683,11169860,USGS,NWIS,17694841
684,11172175,USGS,NWIS,17695611
685,11172945,USGS,NWIS,2809681
686,11172955,USGS,NWIS,2809679
687,11173200,USGS,NWIS,2809859
688,11173500,USGS,NWIS,2807009
689,11173510,USGS,NWIS,2806979
690,11173575,USGS,NWIS,2806865
691,11173800,USGS,NWIS,2808579
692,11174000,USGS,NWIS,2806745
693,11174600,USGS,NWIS,2806353
694,11176400,USGS,NWIS,2806807
695,11176500,USGS,NWIS,2808553
696,11176900,USGS,NWIS,2806611
697,11179000,USGS,NWIS,2806725
698,11179100,USGS,NWIS,2805115
699,11180500,USGS,NWIS,2804369
700,11180700,USGS,NWIS,2805109
701,11180825,USGS,NWIS,2803945
702,11180900,USGS,NWIS,2803935
703,11180960,USGS,NWIS,2804901
704,11181000,USGS,NWIS,2803983
705,11181008,USGS,NWIS,2803985
706,11181040,USGS,NWIS,2804929
707,11253310,USGS,NWIS,14882615
708,11254000,USGS,NWIS,19784319
709,11255575,USGS,NWIS,19784451
710,11261100,USGS,NWIS,19777307
711,11261500,USGS,NWIS,19771455
712,11262900,USGS,NWIS,19771685
713,11264500,USGS,NWIS,21609533
714,11266500,USGS,NWIS,21609641
715,11273400,USGS,NWIS,2829236
716,11274000,USGS,NWIS,2829226
717,11274500,USGS,NWIS,2828012
718,11274550,USGS,NWIS,2828044
719,11274630,USGS,NWIS,2827982
720,11274790,USGS,NWIS,17081597
721,11276500,USGS,NWIS,17081559
722,11276600,USGS,NWIS,17082145
723,11276900,USGS,NWIS,17082145
724,11277300,USGS,NWIS,17081431
725,11278000,USGS,NWIS,17081409
726,11278300,USGS,NWIS,17082139
727,11278400,USGS,NWIS,17081685
728,11284400,USGS,NWIS,17078425
729,11289000,USGS,NWIS,2823718
730,11289500,USGS,NWIS,2823784
731,11289650,USGS,NWIS,2823750
732,11290000,USGS,NWIS,2823972
733,11299600,USGS,NWIS,348419
734,11303000,USGS,NWIS,2819818
735,11303500,USGS,NWIS,1897416
736,11304810,USGS,NWIS,1897336
737,11311300,USGS,NWIS,1897614
738,11312672,USGS,NWIS,1897540
739,11312676,USGS,NWIS,1897278
740,11312685,USGS,NWIS,1889722
741,11312968,USGS,NWIS,1897374
742,11313240,USGS,NWIS,1894376
743,11313315,USGS,NWIS,1897340
744,11313405,USGS,NWIS,1909424
745,11313431,USGS,NWIS,1889680
746,11313433,USGS,NWIS,1889676
747,11313434,USGS,NWIS,1889742
748,11313440,USGS,NWIS,1909508
749,11313452,USGS,NWIS,1889648
750,11313460,USGS,NWIS,1889664
751,11335000,USGS,NWIS,20192498
752,11336580,USGS,NWIS,15040355
753,11336585,USGS,NWIS,15040999
754,11336600,USGS,NWIS,15059805
755,11336685,USGS,NWIS,1889612
756,11336790,USGS,NWIS,1889852
757,11336930,USGS,NWIS,1909504
758,11337080,USGS,NWIS,15048263
759,11337190,USGS,NWIS,1889650
760,11342000,USGS,NWIS,7966063
761,11345500,USGS,NWIS,7932193
762,11348500,USGS,NWIS,7932045
763,11355010,USGS,NWIS,7952678
764,11355500,USGS,NWIS,7952754
765,11361000,USGS,NWIS,7948412
766,11370500,USGS,NWIS,2495224
767,11370700,USGS,NWIS,2495178
768,11372000,USGS,NWIS,2495296
769,11374000,USGS,NWIS,2495212
770,11376000,USGS,NWIS,948020237
771,11376550,USGS,NWIS,2496048
772,11377100,USGS,NWIS,12068830
773,11379500,USGS,NWIS,12068798
774,11381500,USGS,NWIS,8019544
775,11383500,USGS,NWIS,8020924
776,11389500,USGS,NWIS,24688709
777,11390000,USGS,NWIS,1680009
778,11390500,USGS,NWIS,2851625
779,11401920,USGS,NWIS,8029658
780,11402000,USGS,NWIS,8027910
781,11413000,USGS,NWIS,8058675
782,11418500,USGS,NWIS,8061235
783,11421000,USGS,NWIS,7981844
784,11424000,USGS,NWIS,948020363
785,11424500,USGS,NWIS,15069312
786,11425500,USGS,NWIS,15039097
787,11427000,USGS,NWIS,14996611
788,11446500,USGS,NWIS,948021150
789,11451715,USGS,NWIS,8009213
790,11451800,USGS,NWIS,15027105
791,11452500,USGS,NWIS,15030099
792,11452800,USGS,NWIS,948020657
793,11452900,USGS,NWIS,948020657
794,11453000,USGS,NWIS,15039097
795,11453500,USGS,NWIS,8015823
796,11454000,USGS,NWIS,15033009
797,11455095,USGS,NWIS,15048075
798,11455140,USGS,NWIS,15048127
799,11455143,USGS,NWIS,15047847
800,11455146,USGS,NWIS,15042739
801,11455165,USGS,NWIS,948020360
802,11455315,USGS,NWIS,15048187
803,11455335,USGS,NWIS,15048189
804,11455385,USGS,NWIS,15048215
805,11455420,USGS,NWIS,15048247
806,11455478,USGS,NWIS,15048343
807,11456000,USGS,NWIS,1668313
808,11458000,USGS,NWIS,1669113
809,11458433,USGS,NWIS,1669045
810,11458500,USGS,NWIS,948050091
811,11458600,USGS,NWIS,1669289
812,11459500,USGS,NWIS,1669845
813,11460000,USGS,NWIS,1671509
814,11460151,USGS,NWIS,5330719
815,11460400,USGS,NWIS,5329621
816,11460600,USGS,NWIS,5329511
817,11460605,USGS,NWIS,5329573
818,11460750,USGS,NWIS,5329357
819,11461000,USGS,NWIS,8269099
820,11461500,USGS,NWIS,8269091
821,11462080,USGS,NWIS,8268521
822,11462500,USGS,NWIS,8269119
823,11463000,USGS,NWIS,8271445
824,11463170,USGS,NWIS,8271917
825,11463200,USGS,NWIS,8271875
826,11463500,USGS,NWIS,8272107
827,11463682,USGS,NWIS,8272211
828,11463900,USGS,NWIS,8272605
829,11463980,USGS,NWIS,8272297
830,11464000,USGS,NWIS,8272379
831,11465680,USGS,NWIS,8273659
832,11465690,USGS,NWIS,8273343
833,11465700,USGS,NWIS,8273659
834,11465750,USGS,NWIS,8273287
835,11466170,USGS,NWIS,948010118
836,11466200,USGS,NWIS,8273645
837,11466320,USGS,NWIS,8273639
838,11466800,USGS,NWIS,8273161
839,11467000,USGS,NWIS,8272725
840,11467002,USGS,NWIS,8273703
841,11467200,USGS,NWIS,8271049
842,11467270,USGS,NWIS,8272953
843,11467510,USGS,NWIS,8280869
844,11467553,USGS,NWIS,8281665
845,11467590,USGS,NWIS,2666253
846,11468000,USGS,NWIS,2665613
847,11468500,USGS,NWIS,2665525
848,11468900,USGS,NWIS,2546355
849,11469000,USGS,NWIS,2544433
850,11472180,USGS,NWIS,8306992
851,11473900,USGS,NWIS,8295207
852,11475000,USGS,NWIS,2706571
853,11475560,USGS,NWIS,8287590
854,11475800,USGS,NWIS,8287256
855,11476500,USGS,NWIS,8285120
856,11476600,USGS,NWIS,8284190
857,11477000,USGS,NWIS,2704735
858,11478500,USGS,NWIS,2705477
859,11480390,USGS,NWIS,8320019
860,11481000,USGS,NWIS,8316811
861,11481200,USGS,NWIS,8315847
862,11481500,USGS,NWIS,8319319
863,11482500,USGS,NWIS,8315607
864,11516530,USGS,NWIS,361671
865,11517000,USGS,NWIS,3917252
866,11517500,USGS,NWIS,3917058
867,11519500,USGS,NWIS,3798909
868,11520500,USGS,NWIS,4440518
869,11521500,USGS,NWIS,4440524
870,11522500,USGS,NWIS,8261865
871,11523000,USGS,NWIS,4442602
872,11523200,USGS,NWIS,8242324
873,11525670,USGS,NWIS,8245912
874,11525854,USGS,NWIS,8245896
875,11526250,USGS,NWIS,8244482
876,11526400,USGS,NWIS,8244344
877,11527000,USGS,NWIS,8245172
878,11528700,USGS,NWIS,8232392
879,11530000,USGS,NWIS,8241662
880,11530500,USGS,NWIS,4440630
881,11532500,USGS,NWIS,22226812
882,11532650,USGS,NWIS,22227058
883,340229116510601,USGS,NWIS,22590117
884,340242116492901,USGS,NWIS,22590121
885,373025122065901,USGS,NWIS,17690337
886,381142122015801,USGS,NWIS,2785351
887,384041121402601,USGS,NWIS,948021159
888,9427520,USGS,NWIS,9998136
889,9429100,USGS,NWIS,10010646
890,9429500,USGS,NWIS,21413705
891,9429600,USGS,NWIS,21412669
892,9521100,USGS,NWIS,21412723
893,AMF,CA Dept of Water Resources/Snow Surveys,CDEC,15022473
894,AMK,USGS,NWIS,14982590
895,AMR,Merced Irrigation District,CDEC,2829122
896,AMW,US Army Corps of Engineers,CDEC,17153554
897,ANT,CA Dept of Water Resources/O & M,CDEC,8027862
898,AVY,Northern California Power Agency,CDEC,344905
899,BBW,CA Dept of Water Resources,CDEC,2770700
900,BCD,CA Dept of Water Resources,CDEC,1680023
901,HCB,CA Dept of Water Resources,CDEC,7952260
902,BDT,CA Dept of Water Resources/O & M,CDEC,1894450
903,BDV,US Army Corps of Engineers,CDEC,19777209
904,BIC,CA Dept of Water Resources,CDEC,12076092
905,BPG,CA Dept of Water Resources,CDEC,15072912
906,BRE,"Pacific Gas and Electric Company, Auburn",CDEC,15014551
907,BSD,CA Dept of Water Resources/SCRO,CDEC,19777279
908,BSL,CA Dept of Water Resources,CDEC,7972553
909,BTB,Pacific Gas & Electric,CDEC,2766098
910,BTC,CA Dept of Water Resources,CDEC,2852705
911,BTW,Pacific Gas & Electric,CDEC,948020789
912,CBP,San Luis Delta-Mendota Water Authority,CDEC,19784325
913,CBR,"Pacific Gas and Electric Company, Auburn",CDEC,14982644
914,MIL,US Bureau of Reclamation,CDEC,17116483
915,CDM,US Army Corps of Engineers,CDEC,8269105
916,CDR,CA Dept of Water Resources,CDEC,2848237
917,CFW,CA Dept of Water Resources/Flood Management,CDEC,15070264
918,CHC,CA Dept of Water Resources,CDEC,1685035
919,CLE,US Bureau of Reclamation,CDEC,8246564
920,CMF,CA Dept of Water Resources,CDEC,20195334
921,CNF,CA Dept of Water Resources,CDEC,20195536
922,CRS,CA Dept of Water Resources,CDEC,2829174
923,CSK,"CA Dept of Water Resources, Southern Field Div",CDEC,17569701
924,CTK,US Bureau of Reclamation,CDEC,17100977
925,CYO,Santa Clara Valley Water District,CDEC,17694721
926,DAR,CA Dept of Water Resources/NCRO,CDEC,1894696
927,DAV,CA Dept of Water Resources/O & M,CDEC,8039223
928,DCM,CA Dept of Water Resources,CDEC,2823920
929,HMC,CA Dept of Water Resources/O & M,CDEC,12076128
930,HSP,West Stanislaus ID / SJVDA,CDEC,2820000
931,ICR,CA Dept of Water Resources,CDEC,8027088
932,ISB,US Army Corps of Engineers,CDEC,14972953
933,IST,CA Dept of Water Resources/NCRO,CDEC,15039173
934,JBP,Reclamation District 1606,CDEC,17136404
935,JBR,Yuba County,CDEC,8060983
936,KBC,Kings River Water Association,CDEC,22058767
937,KCK,CA Dept of Water Resources,CDEC,8006887
938,KGF,US Army Corps of Engineers,CDEC,17149772
939,KKV,US Army Corps of Engineers,CDEC,14972877
940,KLO,USGS and DWR,CDEC,4441614
941,KOT,CA Dept of Water Resources/SCRO,CDEC,2819852
942,KRB,US Army Corps of Engineers,CDEC,17173688
943,KRD,"Pacific Gas and Electric Company, Auberry",CDEC,14946890
944,KRI,US Army Corps of Engineers,CDEC,14940676
945,KRR,Kings River Water Association,CDEC,22058907
946,KRT,US Army Corps of Engineers,CDEC,22050527
947,KWT,US Army Corps of Engineers,CDEC,14921767
948,LCB,Yuba County,CDEC,8060547
949,LCH,CA Dept of Water Resources,CDEC,12076098
950,LCV,US Army Corps of Engineers,CDEC,17152974
951,LDC,US Bureau of Reclamation,CDEC,19791931
952,LIS,CA Dept of Water Resources,CDEC,15047747
953,LON,Sacramento Municipal Utility District,CDEC,14997089
954,M11,Pacific Gas & Electric,CDEC,17055544
955,M38,Pacific Gas & Electric,CDEC,17055970
956,M46,Pacific Gas & Electric,CDEC,17056846
957,MAB,CA Dept of Water Resources/NCRO,CDEC,1909450
958,MBB,Merced Irrigation District,CDEC,21610177
959,MBH,Merced Irrigation District,CDEC,2824488
960,MBK,"Pacific Gas and Electric Company, Auberry",CDEC,22048943
961,MBN,Merced Irrigation District,CDEC,2829148
962,MBT,Pacific Gas & Electric,CDEC,17056290
963,MC7,Pacific Gas & Electric,CDEC,7960871
964,MCA,Pacific Gas & Electric,CDEC,7960915
965,MCD,Pacific Gas & Electric,CDEC,7960779
966,MCH,CA Dept of Water Resources,CDEC,12068342
967,MCK,US Army Corps of Engineers,CDEC,19777237
968,MCU,CA Dept of Water Resources,CDEC,948020931
969,MER,CA Dept of Water Resources/O & M,CDEC,8037183
970,MFP,CA Dept of Water Resources,CDEC,948020312
971,MIR,CA Dept of Water Resources/NCRO,CDEC,15048195
972,MLK,CA Dept of Water Resources/Snow Surveys,CDEC,21609487
973,MMF,Merced Irrigation District,CDEC,2824504
974,MRB,CA Dept of Water Resources,CDEC,948040202
975,MRC,USGS,NWIS,2824504
976,MRS,US Army Corps of Engineers,CDEC,2975406
977,MRU,CA Dept of Water Resources/NCRO,CDEC,1894262
978,MSD,"CA Dept of Water Resources, DES",CDEC,1897398
979,MSN,CA Dept of Water Resources,CDEC,2824570
980,MSS,Pacific Gas & Electric,CDEC,7962651
981,MST,CA Dept of Water Resources/SCRO,CDEC,2833552
982,MTK,US Army Corps of Engineers,CDEC,8933858
983,MTO,City and County of San Francisco,CDEC,17078467
984,MUC,CA Dept of Water Resources,CDEC,12076100
985,NFP,Pacific Gas & Electric,CDEC,2776482
986,NFW,Madera Irrigation District,CDEC,17115031
987,NHC,CA Dept of Water Resources/NCRO,CDEC,7969869
988,ORI,CA Dept of Water Resources/NCRO,CDEC,1897444
989,ORM,CA Dept of Water Resources/NCRO,CDEC,948040192
990,ORO,CA Dept of Water Resources/O & M,CDEC,7968453
991,ORX,CA Dept of Water Resources/NCRO,CDEC,1894454
992,OTR,Los Angeles County,CDEC,163864514
993,OWL,City of Los Angeles; Dept of Water and Power,CDEC,20275211
994,OXB,Placer County Water Agency,CDEC,14993649
995,P35,Pacific Gas & Electric,CDEC,7949070
996,PDC,CA Dept of Water Resources,CDEC,1894570
997,PDR,US Army Corps of Engineers,CDEC,14907219
998,PIR,CA Dept of Water Resources,CDEC,17569367
999,PMN,US Bureau of Reclamation,CDEC,7951290
1000,PNF,US Army Corps of Engineers,CDEC,22063199
1001,PR4,Pacific Gas & Electric,CDEC,7951808
1002,PRB,Pacific Gas & Electric,CDEC,7948916
1003,PSH,USGS,NWIS,7951290
1004,RBG,Sacramento Municipal Utility District,CDEC,14997301
1005,RBW,US Bureau of Reclamation,CDEC,7994715
1006,RCS,CA Dept of Water Resources/NCRO,CDEC,2858177
1007,RRH,USGS,NWIS,8272379
1008,RRI,"CA Dept of Water Resources, DES",CDEC,1897490
1009,S12,Pacific Gas & Electric,CDEC,343265
1010,S52,Pacific Gas & Electric,CDEC,346921
1011,S61,Pacific Gas & Electric,CDEC,343249
1012,S83,Pacific Gas & Electric,CDEC,343291
1013,SBB,USGS and DWR,CDEC,12068830
1014,SCC,US Army Corps of Engineers,CDEC,17159700
1015,SCG,US Bureau of Reclamation,CDEC,7993055
1016,SCS,CA Dept of Water Resources,CDEC,8006559
1017,SDA,CA Dept of Water Resources,CDEC,3801167
1018,SDP,CA Dept of Water Resources,CDEC,19784273
1019,SDT,US Bureau of Reclamation,CDEC,7966063
1020,SFH,CA Dept of Water Resources/NCRO,CDEC,8053903
1021,SGA,CA Dept of Water Resources,CDEC,1894696
1022,SHA,US Bureau of Reclamation,CDEC,2782699
1023,SIS,US Bureau of Reclamation,CDEC,2782699
1024,SJA,Pacific Gas & Electric,CDEC,17115743
1025,SJB,US Bureau of Reclamation,CDEC,19784539
1026,SJC,CA Dept of Water Resources/North Central Region Office,CDEC,1897478
1027,SJD,CA Dept of Water Resources/NCRO,CDEC,1894450
1028,SJP,CA Dept of Water Resources,CDEC,2826944
1029,SJR,"CA Dept of Water Resources, DES",CDEC,1897416
1030,SJS,CA Dept of Water Resources,CDEC,19771543
1031,SKB,US Bureau of Reclamation,CDEC,19784325
1032,SMW,Merced Irrigation District,CDEC,21610403
1033,SNS,USGS,NWIS,348545
1034,SOI,CA Dept of Water Resources/NCRO,CDEC,15059783
1035,SPU,CA Dept of Water Resources/North Region Office,CDEC,3917406
1036,SRS,USGS,NWIS,8261865
1037,SRV,USGS,NWIS,15048247
1038,SSD,CA Dept of Water Resources,CDEC,20295683
1039,SSU,CA Dept of Water Resources,CDEC,20296767
1040,STO,City and County of San Francisco,CDEC,17078519
1041,STP,USGS,NWIS,8933230
1042,SUW,US Bureau of Reclamation,CDEC,7994073
1043,SVC,Sacramento Municipal Utility District,CDEC,14983382
1044,SWA,CA Dept of Water Resources/SCRO,CDEC,19772279
1045,SXS,CA Dept of Water Resources/NCRO,CDEC,15059779
1046,THO,CA Dept of Water Resources,CDEC,12071928
1047,TIS,CA Dept of Water Resources,CDEC,2851585
1048,TM1,"CA Dept of Water Resources, NRO",CDEC,8029434
1049,TM2,"CA Dept of Water Resources, NRO",CDEC,8029434
1050,TM3,"CA Dept of Water Resources, NRO",CDEC,8029434
1051,TNL,US Bureau of Reclamation,CDEC,8246426
1052,TOT,CA Dept of Water Resources,CDEC,20295699
1053,TRM,US Army Corps of Engineers,CDEC,14922787
1054,TRR,US Army Corps of Engineers,CDEC,14922321
1055,TRW,CA Dept of Water Resources/SCRO,CDEC,2823908
1056,TUM,CA Dept of Water Resources,CDEC,17081783
1057,UCC,San Francisco County,CDEC,17076683
1058,VIN,CA Dept of Water Resources,CDEC,12074486
1059,VNO,"CA Dept of Water Resources, NRO",CDEC,12074486
1060,WCD,CA Dept of Water Resources,CDEC,20295675
1061,WCI,CA Dept of Water Resources/NCRO,CDEC,1897362
1062,WFR,CA Dept of Water Resources,CDEC,2775778
1063,WSL,CA Dept of Water Resources,CDEC,7973607
1064,YCK,Shasta Valley Resource Conservation District,CDEC,3917120
1065,YPB,CA Dept of Water Resources,CDEC,8062581
1066,YRS,Pacific Gas & Electric,CDEC,8062589
1067,RSL,DWR,CDEC,1897422
1068,RYP,City of Roseville,CDEC,15024799
1069,VNS,USGS, ,2819888
1070,RVA,DWR,CDEC,17574473
1071,MPK,DWR,CDEC,17563908
1072,09429160,USGS,NWIS,10000578
1073,09429170,USGS,NWIS,10000792
1074,09429190,USGS,NWIS,10003578
1075,09527000,USGS,NWIS,21412155
1076,09527500,USGS,NWIS,21412155
1077,10256000,USGS,NWIS,948100222
1078,11049500,USGS,NWIS,22558244
1079,11372350,USGS,NWIS,2764352
1080,FTO,CA Dept of Water Resources/Snow Surveys,CDEC,7968461
1081,MKM,East Bay Municipal Utility District,CDEC,17057632
1082,TLG,Turlock Irrigation District,CDEC,2823750
1083,ABJ,DWR,CDEC,20295769
1084,ANL,OTHER,CDEC,15024787
1085,BLI,DWR,CDEC,2794699
1086,BNC,USGS,NWIS,8245900
1087,BRC,OTHER,CDEC,948040263
1088,BRY,DWR,CDEC,15039097
1089,BWC,DWR,CDEC,1679301
1090,CBU,OTHER,CDEC,17078183
1091,CJC,USGS,NWIS,8244456
1092,CMK,USGS,NWIS,17066308
1093,DCH,DWR,CDEC,8021348
1094,FPX,USGS,NWIS,15048349
1095,GGT,OTHER,CDEC,1671909
1096,GVF,USGS,NWIS,8246438
1097,GYN,DWR,CDEC,2784665
1098,ICS,OTHER,CDEC,14983642
1099,LYL,OTHER,CDEC,17081987
1100,MCM,OTHER,CDEC,15040367
1101,MSA,USGS,NWIS,17066736
1102,MSB,OTHER,CDEC,2975224
1103,MWR,OTHER,CDEC,19777387
1104,NFG,DWR,CDEC,8281665
1105,NGQ,OTHER,CDEC,17067102
1106,NYR,USGS,NWIS,8060745
1107,RDF,OTHER,CDEC,12068880
1108,SAG,DWR,CDEC,3917406
1109,SBP,DWR,CDEC,7973663
1110,SIM,OTHER,CDEC,7982912
1111,SJW,OTHER,CDEC,17116401
1112,SKF,USGS,NWIS,348545
1113,SNB,DWR,CDEC,3798045
1114,SRG,DWR,CDEC,3917406
1115,SSK,DWR,CDEC,7973665
1116,SUC,DWR,CDEC,2785327
1117,10264510,USGS,NWIS,948090479
1118,TIL,OTHER,CDEC,2823784
1119,TMP,OTHER,CDEC,5329895
1120,VNE,DWR,CDEC,1889734
1121,WCM,OTHER,CDEC,17116241
1122,WRD,USGS,NWIS,14934874
1123,WVC,USGS,NWIS,8245846
1124,10250800,USGS,NWIS,20215144
1125,10254670,USGS,NWIS,22599625
1126,10256400,USGS,NWIS,948100212
1127,10260470,USGS,NWIS,22658679
1128,10260480,USGS,NWIS,948090849
1129,10260865,USGS,NWIS,22658631
1130,10263630,USGS,NWIS,22683244
1131,10270940,USGS,NWIS,20277765
1132,10296700,USGS,NWIS,10742456
1133,10296750,USGS,NWIS,10742458
1134,103366097,USGS,NWIS,8943621
1135,10336775,USGS,NWIS,8944479
1136,11021300,USGS,NWIS,20332630
1137,11036700,USGS,NWIS,20341605
1138,11048520,USGS,NWIS,20355330
1139,11066440,USGS,NWIS,948070241
1140,11070070,USGS,NWIS,22536106
1141,11089200,USGS,NWIS,22524969
1142,11090400,USGS,NWIS,22524975
1143,11090600,USGS,NWIS,22524989
1144,11097260,USGS,NWIS,22514746
1145,11105510,USGS,NWIS,20365167
1146,11119760,USGS,NWIS,17595453
1147,11135250,USGS,NWIS,17608943
1148,11143010,USGS,NWIS,8188863
1149,11153470,USGS,NWIS,17662343
1150,11166550,USGS,NWIS,17693251
1151,11202838,USGS,NWIS,14930957
1152,11208565,USGS,NWIS,14922143
1153,11208818,USGS,NWIS,14922205
1154,11231551,USGS,NWIS,17116149
1155,11285500,USGS,NWIS,17078299
1156,11291500,USGS,NWIS,346981
1157,11323500,USGS,NWIS,3953347
1158,11335655,USGS,NWIS,20195338
1159,11354511,USGS,NWIS,7949048
1160,11359100,USGS,NWIS,7952818
1161,11374300,USGS,NWIS,2800275
1162,11374305,USGS,NWIS,2800275
1163,11456500,USGS,NWIS,1669001
1164,11525540,USGS,NWIS,8245832
1165,09424050,USGS,NWIS,21437781
1166,09424170,USGS,NWIS,21439141
1167,09427600,USGS,NWIS,9997056
1168,09427800,USGS,NWIS,9997072
1169,09428200,USGS,NWIS,9997884
1170,09428530,USGS,NWIS,9997324
1171,09526500,USGS,NWIS,945030257
1172,09527600,USGS,NWIS,22603749
1173,09529600,USGS,NWIS,21411847
1174,09529700,USGS,NWIS,21411963
1175,09529800,USGS,NWIS,21412601
1176,09529900,USGS,NWIS,21412059
1177,09530400,USGS,NWIS,21412083
1178,10250600,USGS,NWIS,20215220
1179,10251000,USGS,NWIS,20224205
1180,10251100,USGS,NWIS,20223871
1181,10251350,USGS,NWIS,20247670
1182,10251375,USGS,NWIS,20229467
1183,10252300,USGS,NWIS,12088255
1184,10252330,USGS,NWIS,20230861
1185,10253080,USGS,NWIS,22625338
1186,10253320,USGS,NWIS,22629484
1187,10253350,USGS,NWIS,22630726
1188,10253540,USGS,NWIS,22635690
1189,10253600,USGS,NWIS,22635528
1190,10255200,USGS,NWIS,22601407
1191,10255700,USGS,NWIS,22597605
1192,10255800,USGS,NWIS,22597421
1193,10255805,USGS,NWIS,22595335
1194,10255820,USGS,NWIS,22595999
1195,10255850,USGS,NWIS,22600545
1196,10255885,USGS,NWIS,22598811
1197,10256050,USGS,NWIS,948100222
1198,10256060,USGS,NWIS,948100222
1199,10256200,USGS,NWIS,22591239
1200,10256300,USGS,NWIS,22591639
1201,10257710,USGS,NWIS,22591957
1202,10257800,USGS,NWIS,22593377
1203,10258030,USGS,NWIS,22593493
1204,10258100,USGS,NWIS,22593629
1205,10259600,USGS,NWIS,22594433
1206,10259920,USGS,NWIS,22594181
1207,10260200,USGS,NWIS,22630702
1208,10260400,USGS,NWIS,22628698
1209,10260620,USGS,NWIS,22658677
1210,10260630,USGS,NWIS,22660237
1211,10260650,USGS,NWIS,22660087
1212,10260776,USGS,NWIS,22680612
1213,10260778,USGS,NWIS,22681804
1214,10260780,USGS,NWIS,22660065
1215,10260782,USGS,NWIS,22658457
1216,10260822,USGS,NWIS,22660067
1217,10261000,USGS,NWIS,22658299
1218,10261001,USGS,NWIS,22660039
1219,10261100,USGS,NWIS,22660039
1220,10261800,USGS,NWIS,22656129
1221,10261900,USGS,NWIS,22656129
1222,10262000,USGS,NWIS,948090834
1223,10263665,USGS,NWIS,22683236
1224,10263675,USGS,NWIS,22681210
1225,10263900,USGS,NWIS,22683630
1226,10264000,USGS,NWIS,22681934
1227,10264100,USGS,NWIS,22681930
1228,10264500,USGS,NWIS,22681916
1229,10264501,USGS,NWIS,22680538
1230,10264502,USGS,NWIS,22680538
1231,10264508,USGS,NWIS,948090479
1232,10264550,USGS,NWIS,948090882
1233,10264555,USGS,NWIS,22680508
1234,10264590,USGS,NWIS,22678136
1235,10264600,USGS,NWIS,22673708
1236,10264605,USGS,NWIS,22673888
1237,10264636,USGS,NWIS,22680970
1238,10264640,USGS,NWIS,22680842
1239,10264658,USGS,NWIS,22680842
1240,10264660,USGS,NWIS,22680842
1241,10264675,USGS,NWIS,22680708
1242,10264682,USGS,NWIS,22683388
1243,10264710,USGS,NWIS,22675464
1244,10264740,USGS,NWIS,22673480
1245,10264750,USGS,NWIS,948090915
1246,10264770,USGS,NWIS,948090342
1247,10264870,USGS,NWIS,20206492
1248,10264878,USGS,NWIS,20206536
1249,10265160,USGS,NWIS,20273895
1250,10265200,USGS,NWIS,20274121
1251,10265500,USGS,NWIS,20277709
1252,10268000,USGS,NWIS,20277907
1253,10268282,USGS,NWIS,20277789
1254,10270830,USGS,NWIS,20277797
1255,10270877,USGS,NWIS,20277941
1256,10270885,USGS,NWIS,20277779
1257,10270960,USGS,NWIS,20277765
1258,10271210,USGS,NWIS,20277761
1259,10271211,USGS,NWIS,20277761
1260,10276000,USGS,NWIS,20277261
1261,10276001,USGS,NWIS,20277261
1262,10276500,USGS,NWIS,20277439
1263,10277000,USGS,NWIS,20277423
1264,10277400,USGS,NWIS,20277855
1265,10277500,USGS,NWIS,20265515
1266,10278000,USGS,NWIS,20267005
1267,10278500,USGS,NWIS,20267009
1268,10281500,USGS,NWIS,20267019
1269,10281800,USGS,NWIS,20267023
1270,10282000,USGS,NWIS,20267023
1271,10282480,USGS,NWIS,20266581
1272,10284800,USGS,NWIS,20266795
1273,10285500,USGS,NWIS,20266819
1274,10285700,USGS,NWIS,20266801
1275,10286000,USGS,NWIS,20267693
1276,10286001,USGS,NWIS,20267693
1277,10286002,USGS,NWIS,20267693
1278,10287070,USGS,NWIS,20286400
1279,10287071,USGS,NWIS,20286400
1280,10287281,USGS,NWIS,20287684
1281,10287290,USGS,NWIS,20287432
1282,10287291,USGS,NWIS,20287432
1283,10287300,USGS,NWIS,20287602
1284,10287400,USGS,NWIS,20287402
1285,10287762,USGS,NWIS,20287584
1286,10287780,USGS,NWIS,20287578
1287,10287900,USGS,NWIS,20287304
1288,10289000,USGS,NWIS,8915923
1289,10289500,USGS,NWIS,8915933
1290,10290000,USGS,NWIS,8915411
1291,10290500,USGS,NWIS,8915935
1292,10291500,USGS,NWIS,8915907
1293,10292000,USGS,NWIS,8915871
1294,10295200,USGS,NWIS,10744570
1295,10295500,USGS,NWIS,10744456
1296,10302500,USGS,NWIS,8924901
1297,10303000,USGS,NWIS,8923315
1298,10303500,USGS,NWIS,8923151
1299,10304500,USGS,NWIS,8924117
1300,10308000,USGS,NWIS,8922789
1301,10309025,USGS,NWIS,8922647
1302,10309030,USGS,NWIS,946050165
1303,10310300,USGS,NWIS,8922335
1304,10336580,USGS,NWIS,8943705
1305,10336593,USGS,NWIS,8943701
1306,10336600,USGS,NWIS,8943685
1307,10336626,USGS,NWIS,8943577
1308,10336630,USGS,NWIS,8943539
1309,10336640,USGS,NWIS,8941735
1310,10336650,USGS,NWIS,8941713
1311,10336655,USGS,NWIS,8941705
1312,10336658,USGS,NWIS,8941705
1313,10336670,USGS,NWIS,8941687
1314,10336672,USGS,NWIS,8941683
1315,10336675,USGS,NWIS,8941685
1316,10336684,USGS,NWIS,8941667
1317,10336686,USGS,NWIS,8942003
1318,10336689,USGS,NWIS,8941653
1319,10336770,USGS,NWIS,8944527
1320,10336778,USGS,NWIS,8944459
1321,10338001,USGS,NWIS,8933958
1322,10338100,USGS,NWIS,8933886
1323,10339419,USGS,NWIS,8933772
1324,10341950,USGS,NWIS,8933156
1325,10342000,USGS,NWIS,8930290
1326,10342001,USGS,NWIS,8930290
1327,10343200,USGS,NWIS,8933192
1328,10345490,USGS,NWIS,8933742
1329,10345700,USGS,NWIS,8933676
1330,10347300,USGS,NWIS,8930230
1331,10354000,USGS,NWIS,20298765
1332,10354700,USGS,NWIS,20296229
1333,10355000,USGS,NWIS,20296819
1334,10355500,USGS,NWIS,20296171
1335,10357000,USGS,NWIS,948080285
1336,10358470,USGS,NWIS,20295297
1337,10358500,USGS,NWIS,20296737
1338,10359100,USGS,NWIS,20295673
1339,10359250,USGS,NWIS,20291233
1340,10359300,USGS,NWIS,20291957
1341,10359350,USGS,NWIS,20291837
1342,10360230,USGS,NWIS,20319730
1343,10360900,USGS,NWIS,20314584
1344,10361000,USGS,NWIS,20314596
1345,11010900,USGS,NWIS,20325239
1346,11011900,USGS,NWIS,20325597
1347,11012000,USGS,NWIS,20326433
1348,11012100,USGS,NWIS,20325291
1349,11013000,USGS,NWIS,20326435
1350,11013500,USGS,NWIS,948070380
1351,11013600,USGS,NWIS,20333314
1352,11014850,USGS,NWIS,20332702
1353,11016000,USGS,NWIS,20334452
1354,11021500,USGS,NWIS,20334560
1355,11022000,USGS,NWIS,20334422
1356,11022350,USGS,NWIS,20333038
1357,11022500,USGS,NWIS,20331434
1358,11023250,USGS,NWIS,20331142
1359,11023310,USGS,NWIS,20331150
1360,11023315,USGS,NWIS,20331156
1361,11023318,USGS,NWIS,20331162
1362,11023320,USGS,NWIS,20331162
1363,11023325,USGS,NWIS,20331242
1364,11023330,USGS,NWIS,20331178
1365,11023400,USGS,NWIS,20331326
1366,11023450,USGS,NWIS,20331218
1367,11023500,USGS,NWIS,20329654
1368,11024500,USGS,NWIS,20329660
1369,11026000,USGS,NWIS,20330890
1370,11027500,USGS,NWIS,20330886
1371,11029000,USGS,NWIS,20328616
1372,11029500,USGS,NWIS,20329222
1373,11030500,USGS,NWIS,20331892
1374,11030730,USGS,NWIS,20341987
1375,11031000,USGS,NWIS,20343145
1376,11031500,USGS,NWIS,20344355
1377,11033000,USGS,NWIS,20343211
1378,11035000,USGS,NWIS,20344395
1379,11037700,USGS,NWIS,20343093
1380,11037701,USGS,NWIS,20343093
1381,11038500,USGS,NWIS,20341531
1382,11039100,USGS,NWIS,20341499
1383,11039600,USGS,NWIS,20341543
1384,11039800,USGS,NWIS,20342481
1385,11040000,USGS,NWIS,20342485
1386,11040200,USGS,NWIS,20341767
1387,11040500,USGS,NWIS,20341685
1388,11040700,USGS,NWIS,20341709
1389,11046350,USGS,NWIS,20350845
1390,11041000,USGS,NWIS,20342507
1391,11042490,USGS,NWIS,22549409
1392,11042520,USGS,NWIS,22549393
1393,11042600,USGS,NWIS,22549393
1394,11044500,USGS,NWIS,22549107
1395,11044600,USGS,NWIS,22549105
1396,11044900,USGS,NWIS,22549113
1397,11045000,USGS,NWIS,22548527
1398,11045050,USGS,NWIS,22548555
1399,11045370,USGS,NWIS,22549125
1400,11046090,USGS,NWIS,20351081
1401,11046200,USGS,NWIS,20351621
1402,11046250,USGS,NWIS,20351625
1403,11046310,USGS,NWIS,20350879
1404,11046500,USGS,NWIS,20350533
1405,11046501,USGS,NWIS,948070434
1406,11046550,USGS,NWIS,948070434
1407,11047000,USGS,NWIS,20350529
1408,11047200,USGS,NWIS,20348813
1409,11047500,USGS,NWIS,20350507
1410,11047700,USGS,NWIS,20350539
1411,11048000,USGS,NWIS,20355396
1412,11048400,USGS,NWIS,20357218
1413,11048500,USGS,NWIS,20355428
1414,11048530,USGS,NWIS,20355334
1415,11048540,USGS,NWIS,20355372
1416,11048550,USGS,NWIS,20355412
1417,11048553,USGS,NWIS,20355480
1418,11048555,USGS,NWIS,20355472
1419,11049590,USGS,NWIS,22558244
1420,11052504,USGS,NWIS,22556090
1421,11053000,USGS,NWIS,22556090
1422,11054000,USGS,NWIS,22556090
1423,11054001,USGS,NWIS,22556090
1424,11054600,USGS,NWIS,22556158
1425,11056000,USGS,NWIS,948070563
1426,11056200,USGS,NWIS,22556176
1427,11056500,USGS,NWIS,22559032
1428,11057000,USGS,NWIS,22557960
1429,11059000,USGS,NWIS,22556064
1430,11060300,USGS,NWIS,22557894
1431,11063000,USGS,NWIS,22554630
1432,11063500,USGS,NWIS,22557742
1433,11063682,USGS,NWIS,22557796
1434,11065800,USGS,NWIS,22557922
1435,11065801,USGS,NWIS,22557922
1436,11066050,USGS,NWIS,22558150
1437,11066100,USGS,NWIS,22558150
1438,11066500,USGS,NWIS,22563032
1439,11066550,USGS,NWIS,22563022
1440,11066950,USGS,NWIS,22555060
1441,11067000,USGS,NWIS,22555060
1442,11067001,USGS,NWIS,22555060
1443,11067500,USGS,NWIS,22563072
1444,11067890,USGS,NWIS,22563072
1445,11068000,USGS,NWIS,22563072
1446,11069300,USGS,NWIS,22536114
1447,11070000,USGS,NWIS,22535350
1448,11070020,USGS,NWIS,22535294
1449,11070050,USGS,NWIS,22536106
1450,11070232,USGS,NWIS,22532664
1451,11070240,USGS,NWIS,22532738
1452,11070256,USGS,NWIS,22532826
1453,11070262,USGS,NWIS,22532830
1454,11070263,USGS,NWIS,22534696
1455,11070375,USGS,NWIS,22534654
1456,11070475,USGS,NWIS,22534692
1457,11072000,USGS,NWIS,22563156
1458,11072200,USGS,NWIS,22563090
1459,11073000,USGS,NWIS,22554882
1460,11073001,USGS,NWIS,22554788
1461,11073200,USGS,NWIS,22555822
1462,11073440,USGS,NWIS,22563366
1463,11073470,USGS,NWIS,22555310
1464,11073493,USGS,NWIS,22556262
1465,11073500,USGS,NWIS,22560680
1466,11074500,USGS,NWIS,22560768
1467,11075600,USGS,NWIS,22563160
1468,11075610,USGS,NWIS,22563160
1469,11075730,USGS,NWIS,22527369
1470,11075740,USGS,NWIS,22527369
1471,11075755,USGS,NWIS,22560942
1472,11101000,USGS,NWIS,22514928
1473,11075760,USGS,NWIS,24843730
1474,11077000,USGS,NWIS,22563182
1475,11077001,USGS,NWIS,22563182
1476,11078100,USGS,NWIS,22563212
1477,11080000,USGS,NWIS,22524643
1478,11080500,USGS,NWIS,22522855
1479,11080880,USGS,NWIS,22524651
1480,11081000,USGS,NWIS,22524629
1481,11081500,USGS,NWIS,22524631
1482,11082000,USGS,NWIS,22524649
1483,11083500,USGS,NWIS,22524699
1484,11084000,USGS,NWIS,22524683
1485,11084500,USGS,NWIS,22524697
1486,11084950,USGS,NWIS,22518000
1487,11085560,USGS,NWIS,22524743
1488,11086000,USGS,NWIS,22523091
1489,11086300,USGS,NWIS,22524711
1490,11086400,USGS,NWIS,22523137
1491,11086500,USGS,NWIS,22524703
1492,11086990,USGS,NWIS,22520999
1493,11087195,USGS,NWIS,22521007
1494,11087500,USGS,NWIS,22521027
1495,11088000,USGS,NWIS,22525157
1496,11089000,USGS,NWIS,22525745
1497,11090000,USGS,NWIS,22525749
1498,11090200,USGS,NWIS,22525749
1499,11090500,USGS,NWIS,22524985
1500,11090700,USGS,NWIS,22525001
1501,11092000,USGS,NWIS,22514716
1502,11093000,USGS,NWIS,22514292
1503,11093490,USGS,NWIS,22514320
1504,11093500,USGS,NWIS,22514358
1505,11094000,USGS,NWIS,22514414
1506,11094500,USGS,NWIS,22514424
1507,11095000,USGS,NWIS,22514428
1508,11095500,USGS,NWIS,22514458
1509,11096000,USGS,NWIS,22515766
1510,11096500,USGS,NWIS,22515740
1511,11097500,USGS,NWIS,22515824
1512,11098500,USGS,NWIS,22518268
1513,11099500,USGS,NWIS,22516662
1514,11100000,USGS,NWIS,22514894
1515,11100500,USGS,NWIS,22515816
1516,11100760,USGS,NWIS,22515006
1517,11101080,USGS,NWIS,22515818
1518,11101180,USGS,NWIS,22515016
1519,11101380,USGS,NWIS,22515828
1520,11101500,USGS,NWIS,22515018
1521,11102000,USGS,NWIS,22515020
1522,11102250,USGS,NWIS,22515020
1523,11102500,USGS,NWIS,22518270
1524,11102750,USGS,NWIS,22518272
1525,11103000,USGS,NWIS,22518274
1526,11103500,USGS,NWIS,20366291
1527,11104000,USGS,NWIS,20365153
1528,11105500,USGS,NWIS,20365093
1529,11105850,USGS,NWIS,17563896
1530,11106000,USGS,NWIS,17562594
1531,11106400,USGS,NWIS,17564046
1532,11106500,USGS,NWIS,17564090
1533,11107000,USGS,NWIS,17562544
1534,11107500,USGS,NWIS,948070326
1535,11107745,USGS,NWIS,17574557
1536,11107770,USGS,NWIS,17574635
1537,11107860,USGS,NWIS,17574375
1538,11107870,USGS,NWIS,24858041
1539,11107922,USGS,NWIS,17574745
1540,11108000,USGS,NWIS,17574541
1541,11108095,USGS,NWIS,17570001
1542,11108134,USGS,NWIS,17570321
1543,11108135,USGS,NWIS,17570449
1544,11108145,USGS,NWIS,17574587
1545,11135200,USGS,NWIS,17607781
1546,11108500,USGS,NWIS,17574705
1547,11109100,USGS,NWIS,17567453
1548,11109200,USGS,NWIS,17568541
1549,11109250,USGS,NWIS,17567207
1550,11109396,USGS,NWIS,14950768
1551,11109397,USGS,NWIS,22680418
1552,11109398,USGS,NWIS,17569239
1553,11109525,USGS,NWIS,24858039
1554,11110000,USGS,NWIS,17574539
1555,11110500,USGS,NWIS,17574757
1556,11113001,USGS,NWIS,17574345
1557,11113900,USGS,NWIS,17573735
1558,11114000,USGS,NWIS,17573713
1559,11114500,USGS,NWIS,17587578
1560,11115500,USGS,NWIS,17586470
1561,11116000,USGS,NWIS,17586460
1562,11116500,USGS,NWIS,17586488
1563,11116550,USGS,NWIS,17587730
1564,11117000,USGS,NWIS,17586736
1565,11117500,USGS,NWIS,17586842
1566,11117600,USGS,NWIS,17586774
1567,11117800,USGS,NWIS,17586728
1568,11118000,USGS,NWIS,17587614
1569,11119530,USGS,NWIS,17595477
1570,11119660,USGS,NWIS,17595443
1571,11119700,USGS,NWIS,17595447
1572,11119780,USGS,NWIS,17596153
1573,11119900,USGS,NWIS,17595361
1574,11120510,USGS,NWIS,17595405
1575,11120530,USGS,NWIS,17595369
1576,11120550,USGS,NWIS,17594763
1577,11120600,USGS,NWIS,17593507
1578,11120700,USGS,NWIS,17593939
1579,11120800,USGS,NWIS,17593941
1580,11121000,USGS,NWIS,17611833
1581,11121010,USGS,NWIS,17611833
1582,11124000,USGS,NWIS,17609897
1583,11125000,USGS,NWIS,17611423
1584,11126500,USGS,NWIS,17608033
1585,11127000,USGS,NWIS,17608181
1586,11127500,USGS,NWIS,17609007
1587,11128000,USGS,NWIS,17609011
1588,11128400,USGS,NWIS,17609015
1589,11129000,USGS,NWIS,17608135
1590,11129500,USGS,NWIS,17608993
1591,11130000,USGS,NWIS,17608985
1592,11130500,USGS,NWIS,948060199
1593,11131000,USGS,NWIS,17608987
1594,11131500,USGS,NWIS,17607901
1595,11132000,USGS,NWIS,17609043
1596,11133500,USGS,NWIS,948060325
1597,11133700,USGS,NWIS,17607645
1598,11134800,USGS,NWIS,17607917
1599,11135000,USGS,NWIS,948060201
1600,11135500,USGS,NWIS,163864377
1601,11136000,USGS,NWIS,17620130
1602,11136050,USGS,NWIS,17620090
1603,11136150,USGS,NWIS,17619992
1604,11136400,USGS,NWIS,17637256
1605,11136480,USGS,NWIS,17637988
1606,11136500,USGS,NWIS,17637968
1607,11136650,USGS,NWIS,17635794
1608,11137000,USGS,NWIS,17632512
1609,11137400,USGS,NWIS,17633108
1610,11137500,USGS,NWIS,17632516
1611,11138000,USGS,NWIS,17632504
1612,11138100,USGS,NWIS,17634980
1613,11139000,USGS,NWIS,17624669
1614,11147700,USGS,NWIS,17649041
1615,11139350,USGS,NWIS,17624899
1616,11139500,USGS,NWIS,17625369
1617,11140600,USGS,NWIS,17623977
1618,11141000,USGS,NWIS,17625463
1619,11141150,USGS,NWIS,8192881
1620,11141160,USGS,NWIS,8193805
1621,11141300,USGS,NWIS,8193667
1622,11141400,USGS,NWIS,8192995
1623,11141500,USGS,NWIS,8193677
1624,11141600,USGS,NWIS,8193685
1625,11142080,USGS,NWIS,8192559
1626,11142100,USGS,NWIS,8192531
1627,11142200,USGS,NWIS,8191593
1628,11142240,USGS,NWIS,8190771
1629,11142300,USGS,NWIS,8190707
1630,11142500,USGS,NWIS,8190393
1631,11142550,USGS,NWIS,8190331
1632,11143300,USGS,NWIS,17599225
1633,11143500,USGS,NWIS,8213735
1634,11144000,USGS,NWIS,8214349
1635,11144200,USGS,NWIS,8213747
1636,11144600,USGS,NWIS,8214345
1637,11145000,USGS,NWIS,8214345
1638,11145500,USGS,NWIS,8213521
1639,11147000,USGS,NWIS,8212065
1640,11147040,USGS,NWIS,8212111
1641,11147070,USGS,NWIS,8212151
1642,11147600,USGS,NWIS,8211959
1643,11147800,USGS,NWIS,17648071
1644,11148000,USGS,NWIS,17649021
1645,11148800,USGS,NWIS,8209915
1646,11149500,USGS,NWIS,8211705
1647,11149650,USGS,NWIS,8204511
1648,11149700,USGS,NWIS,8210497
1649,11150000,USGS,NWIS,8212895
1650,11150800,USGS,NWIS,8206533
1651,11151000,USGS,NWIS,8203237
1652,11151500,USGS,NWIS,8205383
1653,11152540,USGS,NWIS,8200677
1654,11152570,USGS,NWIS,17605361
1655,11152600,USGS,NWIS,17605309
1656,11152900,USGS,NWIS,17661409
1657,11153040,USGS,NWIS,17663037
1658,11153500,USGS,NWIS,17661097
1659,11153700,USGS,NWIS,17663049
1660,11153790,USGS,NWIS,17661237
1661,11153800,USGS,NWIS,17661297
1662,11153900,USGS,NWIS,17661201
1663,11154000,USGS,NWIS,17662427
1664,11154100,USGS,NWIS,17661675
1665,11154200,USGS,NWIS,17663007
1666,11154500,USGS,NWIS,17663171
1667,11154700,USGS,NWIS,17673639
1668,11156000,USGS,NWIS,17671773
1669,11156450,USGS,NWIS,17665659
1670,11156700,USGS,NWIS,17665619
1671,11158500,USGS,NWIS,17665543
1672,11158900,USGS,NWIS,17663279
1673,11159150,USGS,NWIS,17661713
1674,11159400,USGS,NWIS,17665469
1675,11159690,USGS,NWIS,17683402
1676,11159700,USGS,NWIS,17684374
1677,11159800,USGS,NWIS,17683342
1678,11159940,USGS,NWIS,17683352
1679,11160020,USGS,NWIS,17682178
1680,11160060,USGS,NWIS,17682316
1681,11160070,USGS,NWIS,17682322
1682,11160200,USGS,NWIS,17682396
1683,11160300,USGS,NWIS,17682394
1684,11161500,USGS,NWIS,17684084
1685,11161570,USGS,NWIS,17684082
1686,11161590,USGS,NWIS,17682512
1687,11161800,USGS,NWIS,17682482
1688,11161900,USGS,NWIS,17682422
1689,11162000,USGS,NWIS,17682450
1690,11162540,USGS,NWIS,17688327
1691,11162600,USGS,NWIS,17687875
1692,11162720,USGS,NWIS,2804039
1693,11162722,USGS,NWIS,2804039
1694,11162800,USGS,NWIS,17693211
1695,11162900,USGS,NWIS,17692965
1696,11162940,USGS,NWIS,17692965
1697,11162950,USGS,NWIS,17692965
1698,11163000,USGS,NWIS,17692975
1699,11184000,USGS,NWIS,2789259
1700,11163200,USGS,NWIS,17692969
1701,11163500,USGS,NWIS,17692959
1702,11164000,USGS,NWIS,17693217
1703,11165000,USGS,NWIS,17693217
1704,11165500,USGS,NWIS,17693217
1705,11166000,USGS,NWIS,17693219
1706,11166500,USGS,NWIS,17693255
1707,11166575,USGS,NWIS,17693015
1708,11166578,USGS,NWIS,17693009
1709,11166900,USGS,NWIS,17694463
1710,11167000,USGS,NWIS,17694425
1711,11167500,USGS,NWIS,17694479
1712,11167660,USGS,NWIS,17695689
1713,11167700,USGS,NWIS,17695689
1714,11168000,USGS,NWIS,17695715
1715,11168500,USGS,NWIS,17694447
1716,11169000,USGS,NWIS,17694137
1717,11169580,USGS,NWIS,17693059
1718,11169600,USGS,NWIS,17693043
1719,11169616,USGS,NWIS,17693041
1720,11170500,USGS,NWIS,17694445
1721,11172000,USGS,NWIS,948050175
1722,11172100,USGS,NWIS,17694085
1723,11172500,USGS,NWIS,17692583
1724,11173000,USGS,NWIS,2808615
1725,11174500,USGS,NWIS,2806353
1726,11176000,USGS,NWIS,2806597
1727,11176090,USGS,NWIS,2806397
1728,11176100,USGS,NWIS,2806369
1729,11176140,USGS,NWIS,2808527
1730,11176145,USGS,NWIS,2806319
1731,11176150,USGS,NWIS,2806323
1732,11176180,USGS,NWIS,2806337
1733,11176200,USGS,NWIS,2806357
1734,11176300,USGS,NWIS,2806359
1735,11176350,USGS,NWIS,2806461
1736,11176600,USGS,NWIS,2806459
1737,11177000,USGS,NWIS,2806611
1738,11179500,USGS,NWIS,2805113
1739,11180000,USGS,NWIS,2805469
1740,11180750,USGS,NWIS,2804967
1741,11180810,USGS,NWIS,2803961
1742,11180965,USGS,NWIS,2803933
1743,11181004,USGS,NWIS,2803979
1744,11181006,USGS,NWIS,2803985
1745,11181300,USGS,NWIS,2803789
1746,11181330,USGS,NWIS,2803723
1747,11181335,USGS,NWIS,2803723
1748,11181400,USGS,NWIS,1671771
1749,11182030,USGS,NWIS,1671927
1750,11182100,USGS,NWIS,1671763
1751,11182800,USGS,NWIS,948050140
1752,11183000,USGS,NWIS,2789355
1753,11183600,USGS,NWIS,2789571
1754,11183700,USGS,NWIS,2790383
1755,11185000,USGS,NWIS,2789281
1756,11185300,USGS,NWIS,14970387
1757,11185350,USGS,NWIS,14970831
1758,11185400,USGS,NWIS,14970833
1759,11185600,USGS,NWIS,14971731
1760,11186001,USGS,NWIS,14971723
1761,11186340,USGS,NWIS,14971771
1762,11186360,USGS,NWIS,14971771
1763,11186380,USGS,NWIS,14971771
1764,11186500,USGS,NWIS,14972847
1765,11186550,USGS,NWIS,14972847
1766,11186750,USGS,NWIS,14972857
1767,11187500,USGS,NWIS,14940680
1768,11188000,USGS,NWIS,14972939
1769,11188200,USGS,NWIS,14959487
1770,11189700,USGS,NWIS,14962453
1771,11190000,USGS,NWIS,14972953
1772,11192501,USGS,NWIS,14940950
1773,11192940,USGS,NWIS,14946882
1774,11193000,USGS,NWIS,17173696
1775,11193010,USGS,NWIS,17173722
1776,11193020,USGS,NWIS,17173722
1777,11193030,USGS,NWIS,17173722
1778,11193031,USGS,NWIS,17173722
1779,11193032,USGS,NWIS,17173722
1780,11194200,USGS,NWIS,17172622
1781,11195500,USGS,NWIS,17175320
1782,11195600,USGS,NWIS,14948842
1783,11196400,USGS,NWIS,14945000
1784,11196420,USGS,NWIS,14947130
1785,11197250,USGS,NWIS,17160150
1786,11197800,USGS,NWIS,14937291
1787,11199000,USGS,NWIS,14934832
1788,11200000,USGS,NWIS,14934792
1789,11201200,USGS,NWIS,17166286
1790,11201450,USGS,NWIS,14930941
1791,11201500,USGS,NWIS,14930943
1792,11201700,USGS,NWIS,14930951
1793,11201850,USGS,NWIS,14930291
1794,11202001,USGS,NWIS,14930339
1795,11202700,USGS,NWIS,14930953
1796,11202711,USGS,NWIS,14930363
1797,11202750,USGS,NWIS,14930955
1798,11202751,USGS,NWIS,14930955
1799,11203000,USGS,NWIS,14930279
1800,11203100,USGS,NWIS,14930395
1801,11203190,USGS,NWIS,14930549
1802,11203200,USGS,NWIS,14930571
1803,11203221,USGS,NWIS,14930547
1804,11203500,USGS,NWIS,14931005
1805,11204000,USGS,NWIS,14930729
1806,11205000,USGS,NWIS,17159722
1807,11206500,USGS,NWIS,948030127
1808,11206501,USGS,NWIS,948030127
1809,11207500,USGS,NWIS,14918005
1810,11208000,USGS,NWIS,14918005
1811,11208001,USGS,NWIS,14918005
1812,11208500,USGS,NWIS,14922121
1813,11208601,USGS,NWIS,14922147
1814,11208610,USGS,NWIS,14922281
1815,11208620,USGS,NWIS,14922287
1816,11208625,USGS,NWIS,14922253
1817,11208720,USGS,NWIS,14922283
1818,11208731,USGS,NWIS,14922311
1819,11209500,USGS,NWIS,14922171
1820,11210000,USGS,NWIS,14922513
1821,11210100,USGS,NWIS,14922415
1822,11210500,USGS,NWIS,14922805
1823,11210930,USGS,NWIS,17153620
1824,11211785,USGS,NWIS,17142690
1825,11211790,USGS,NWIS,17142748
1826,11212000,USGS,NWIS,17142458
1827,11212500,USGS,NWIS,22059573
1828,11213000,USGS,NWIS,22058549
1829,11213500,USGS,NWIS,22050535
1830,11214200,USGS,NWIS,22048921
1831,11214400,USGS,NWIS,22048927
1832,11214500,USGS,NWIS,22049573
1833,11215500,USGS,NWIS,22058083
1834,11215800,USGS,NWIS,22050323
1835,11215810,USGS,NWIS,22050323
1836,11215820,USGS,NWIS,22050327
1837,11215830,USGS,NWIS,22050327
1838,11215840,USGS,NWIS,22050351
1839,11216000,USGS,NWIS,22050435
1840,11216800,USGS,NWIS,22047771
1841,11217000,USGS,NWIS,22048113
1842,11217500,USGS,NWIS,22047939
1843,11218000,USGS,NWIS,22050467
1844,11219000,USGS,NWIS,22047867
1845,11220000,USGS,NWIS,22050457
1846,11220500,USGS,NWIS,22057147
1847,11221500,USGS,NWIS,17149770
1848,11222000,USGS,NWIS,948030214
1849,11225000,USGS,NWIS,14883275
1850,11226000,USGS,NWIS,17112827
1851,11226500,USGS,NWIS,17113015
1852,11227000,USGS,NWIS,17112945
1853,11227500,USGS,NWIS,17112945
1854,11228000,USGS,NWIS,17112941
1855,11228500,USGS,NWIS,17112989
1856,11229500,USGS,NWIS,17118537
1857,11230000,USGS,NWIS,948040332
1858,11266000,USGS,NWIS,21609419
1859,11230520,USGS,NWIS,17118327
1860,11230530,USGS,NWIS,17118355
1861,11230560,USGS,NWIS,17116157
1862,11230600,USGS,NWIS,17116157
1863,11230650,USGS,NWIS,17116147
1864,11230670,USGS,NWIS,17116147
1865,11231550,USGS,NWIS,17119099
1866,11231600,USGS,NWIS,17119099
1867,11231700,USGS,NWIS,17115015
1868,11232000,USGS,NWIS,17114913
1869,11232500,USGS,NWIS,17114849
1870,11234500,USGS,NWIS,17114909
1871,11234750,USGS,NWIS,17115185
1872,11234760,USGS,NWIS,17115185
1873,11235000,USGS,NWIS,17115421
1874,11235500,USGS,NWIS,17116169
1875,11237600,USGS,NWIS,17116235
1876,11237700,USGS,NWIS,17116209
1877,11238000,USGS,NWIS,17116209
1878,11238100,USGS,NWIS,17115511
1879,11238380,USGS,NWIS,17116205
1880,11238400,USGS,NWIS,17115579
1881,11238500,USGS,NWIS,17116205
1882,11238550,USGS,NWIS,17116559
1883,11238600,USGS,NWIS,17116559
1884,11239000,USGS,NWIS,17116237
1885,11241800,USGS,NWIS,17116571
1886,11244100,USGS,NWIS,17116161
1887,11245000,USGS,NWIS,17115453
1888,11245500,USGS,NWIS,17115563
1889,11246000,USGS,NWIS,17115443
1890,11246530,USGS,NWIS,17116245
1891,11246950,USGS,NWIS,17116271
1892,11247000,USGS,NWIS,17115887
1893,11247200,USGS,NWIS,17116603
1894,11247500,USGS,NWIS,17115919
1895,11248000,USGS,NWIS,17115907
1896,11251500,USGS,NWIS,19791925
1897,11252500,USGS,NWIS,19791999
1898,11255500,USGS,NWIS,19780249
1899,11255550,USGS,NWIS,19780101
1900,11257100,USGS,NWIS,17099787
1901,11257500,USGS,NWIS,17100137
1902,11257700,USGS,NWIS,17100159
1903,11258800,USGS,NWIS,17099913
1904,11258900,USGS,NWIS,17099715
1905,11258920,USGS,NWIS,17099783
1906,11258960,USGS,NWIS,17100053
1907,11258980,USGS,NWIS,17100087
1908,11259300,USGS,NWIS,17094643
1909,11260000,USGS,NWIS,19777431
1910,11260001,USGS,NWIS,19777431
1911,11260200,USGS,NWIS,17098955
1912,11260225,USGS,NWIS,17098957
1913,11260480,USGS,NWIS,17098987
1914,11261000,USGS,NWIS,948040356
1915,11262800,USGS,NWIS,19772875
1916,11262890,USGS,NWIS,19779135
1917,11262895,USGS,NWIS,19777385
1918,11263000,USGS,NWIS,948040120
1919,11265000,USGS,NWIS,21609435
1920,11265500,USGS,NWIS,21609431
1921,11267300,USGS,NWIS,21610419
1922,11268000,USGS,NWIS,21610027
1923,11268001,USGS,NWIS,21610027
1924,11268200,USGS,NWIS,21610715
1925,11268500,USGS,NWIS,21608675
1926,11269300,USGS,NWIS,21606909
1927,11270000,USGS,NWIS,21607271
1928,11270800,USGS,NWIS,2824416
1929,11271500,USGS,NWIS,2833552
1930,11273000,USGS,NWIS,2833552
1931,11274554,USGS,NWIS,2827120
1932,11274560,USGS,NWIS,2827002
1933,11274600,USGS,NWIS,16594851
1934,11274610,USGS,NWIS,16594795
1935,11274710,USGS,NWIS,17082361
1936,11274800,USGS,NWIS,17082215
1937,11277000,USGS,NWIS,17082171
1938,11278200,USGS,NWIS,17081711
1939,11278500,USGS,NWIS,17081693
1940,11279500,USGS,NWIS,17081887
1941,11280000,USGS,NWIS,17081891
1942,11281500,USGS,NWIS,17081795
1943,11282500,USGS,NWIS,17078463
1944,11283000,USGS,NWIS,17078431
1945,11283100,USGS,NWIS,17076303
1946,11283200,USGS,NWIS,17076215
1947,11283250,USGS,NWIS,17074613
1948,11283350,USGS,NWIS,17074999
1949,11284500,USGS,NWIS,17078365
1950,11284700,USGS,NWIS,17074571
1951,11285000,USGS,NWIS,17077893
1952,11286500,USGS,NWIS,17080219
1953,11288000,USGS,NWIS,17080367
1954,11289660,USGS,NWIS,2823750
1955,11292500,USGS,NWIS,347487
1956,11292610,USGS,NWIS,344901
1957,11292680,USGS,NWIS,346973
1958,11292901,USGS,NWIS,343205
1959,11293000,USGS,NWIS,343235
1960,11293500,USGS,NWIS,342483
1961,11293650,USGS,NWIS,342527
1962,11293700,USGS,NWIS,346319
1963,11294000,USGS,NWIS,347483
1964,11294300,USGS,NWIS,342555
1965,11294400,USGS,NWIS,342759
1966,11295100,USGS,NWIS,343159
1967,11295210,USGS,NWIS,343061
1968,11295230,USGS,NWIS,343061
1969,11295270,USGS,NWIS,343159
1970,11295300,USGS,NWIS,343239
1971,11295400,USGS,NWIS,343589
1972,11295401,USGS,NWIS,343589
1973,11295500,USGS,NWIS,343587
1974,11299200,USGS,NWIS,348435
1975,11299500,USGS,NWIS,348435
1976,11299996,USGS,NWIS,349891
1977,11300000,USGS,NWIS,349891
1978,11300700,USGS,NWIS,2826152
1979,11300800,USGS,NWIS,2823132
1980,11304000,USGS,NWIS,1897194
1981,11305000,USGS,NWIS,17067338
1982,11305500,USGS,NWIS,17067208
1983,11306000,USGS,NWIS,17067108
1984,11306500,USGS,NWIS,17067014
1985,11307000,USGS,NWIS,17066152
1986,11307500,USGS,NWIS,17066270
1987,11308000,USGS,NWIS,17066690
1988,11309000,USGS,NWIS,2976116
1989,11309500,USGS,NWIS,2976420
1990,11311000,USGS,NWIS,2979206
1991,11311500,USGS,NWIS,3952479
1992,11312000,USGS,NWIS,3953369
1993,11312500,USGS,NWIS,3952873
1994,11313000,USGS,NWIS,1897068
1995,11313510,USGS,NWIS,17055528
1996,11315500,USGS,NWIS,17053578
1997,11316000,USGS,NWIS,17055540
1998,11316500,USGS,NWIS,17055806
1999,11316610,USGS,NWIS,17058246
2000,11317500,USGS,NWIS,17057430
2001,11318000,USGS,NWIS,17057240
2002,11321000,USGS,NWIS,3955377
2003,11321500,USGS,NWIS,3955451
2004,11322000,USGS,NWIS,3955329
2005,11326300,USGS,NWIS,17056468
2006,11326500,USGS,NWIS,17055950
2007,11327000,USGS,NWIS,17056674
2008,11327500,USGS,NWIS,17056674
2009,11328000,USGS,NWIS,3952049
2010,11329000,USGS,NWIS,3952217
2011,11329500,USGS,NWIS,3953331
2012,11330000,USGS,NWIS,20194984
2013,11331000,USGS,NWIS,20194900
2014,11331500,USGS,NWIS,20194888
2015,11332500,USGS,NWIS,20194854
2016,11333000,USGS,NWIS,20196266
2017,11334300,USGS,NWIS,20196320
2018,11334500,USGS,NWIS,20195858
2019,11335700,USGS,NWIS,20192438
2020,11336500,USGS,NWIS,3951815
2021,11337000,USGS,NWIS,1896864
2022,11337500,USGS,NWIS,1893770
2023,11341400,USGS,NWIS,7964867
2024,11341500,USGS,NWIS,7965005
2025,11342500,USGS,NWIS,7966139
2026,11343000,USGS,NWIS,7923989
2027,11343500,USGS,NWIS,948020259
2028,11344000,USGS,NWIS,7927411
2029,11344500,USGS,NWIS,7929505
2030,11346000,USGS,NWIS,7929249
2031,11346500,USGS,NWIS,948020887
2032,11347500,USGS,NWIS,7927911
2033,11348000,USGS,NWIS,7927451
2034,11348200,USGS,NWIS,7927371
2035,11349000,USGS,NWIS,7926453
2036,11349500,USGS,NWIS,7930407
2037,11350500,USGS,NWIS,7932213
2038,11351000,USGS,NWIS,7930571
2039,11351500,USGS,NWIS,7925611
2040,11351950,USGS,NWIS,7926519
2041,11352000,USGS,NWIS,7926519
2042,11352500,USGS,NWIS,7952018
2043,11352900,USGS,NWIS,7952740
2044,11353500,USGS,NWIS,948021268
2045,11353600,USGS,NWIS,7947918
2046,11354200,USGS,NWIS,7952678
2047,11354300,USGS,NWIS,7949038
2048,11355000,USGS,NWIS,7951792
2049,11356500,USGS,NWIS,7952754
2050,11357000,USGS,NWIS,7952754
2051,11358000,USGS,NWIS,7952272
2052,11358020,USGS,NWIS,7952272
2053,11358500,USGS,NWIS,7951966
2054,11359300,USGS,NWIS,7951822
2055,11359500,USGS,NWIS,7951812
2056,11360000,USGS,NWIS,7951768
2057,11362000,USGS,NWIS,7952780
2058,11362300,USGS,NWIS,7952864
2059,11362600,USGS,NWIS,7952676
2060,11362700,USGS,NWIS,7951770
2061,11362900,USGS,NWIS,7948266
2062,11362950,USGS,NWIS,7948302
2063,11363500,USGS,NWIS,7948204
2064,11364000,USGS,NWIS,7951912
2065,11364150,USGS,NWIS,7951912
2066,11364200,USGS,NWIS,7952048
2067,11364300,USGS,NWIS,7952070
2068,11365500,USGS,NWIS,7951258
2069,11366000,USGS,NWIS,7951346
2070,11366500,USGS,NWIS,7951348
2071,11367000,USGS,NWIS,7961201
2072,11367200,USGS,NWIS,948021265
2073,11367300,USGS,NWIS,7960767
2074,11367700,USGS,NWIS,7961225
2075,11368500,USGS,NWIS,7962711
2076,11369000,USGS,NWIS,7963509
2077,11369500,USGS,NWIS,7966193
2078,11371000,USGS,NWIS,2782657
2079,11371500,USGS,NWIS,2782735
2080,11372050,USGS,NWIS,2494478
2081,11372060,USGS,NWIS,2494492
2082,11372200,USGS,NWIS,2763522
2083,11372325,USGS,NWIS,2764310
2084,11372700,USGS,NWIS,2764298
2085,11373200,USGS,NWIS,2763434
2086,11373300,USGS,NWIS,2763832
2087,11374060,USGS,NWIS,2765908
2088,11374100,USGS,NWIS,2763542
2089,11378800,USGS,NWIS,12068268
2090,11374400,USGS,NWIS,4296309
2091,11375500,USGS,NWIS,2800177
2092,11375700,USGS,NWIS,2800225
2093,11375810,USGS,NWIS,4296285
2094,11375815,USGS,NWIS,4296297
2095,11375820,USGS,NWIS,4296867
2096,11375870,USGS,NWIS,4296389
2097,11375900,USGS,NWIS,4296315
2098,11376025,USGS,NWIS,2764502
2099,11376038,USGS,NWIS,2764506
2100,11376040,USGS,NWIS,2764536
2101,11376043,USGS,NWIS,2765978
2102,11376046,USGS,NWIS,2765996
2103,11376050,USGS,NWIS,2765988
2104,11376120,USGS,NWIS,2765984
2105,11376150,USGS,NWIS,2766058
2106,11376420,USGS,NWIS,2766690
2107,11376430,USGS,NWIS,2766108
2108,11376440,USGS,NWIS,2766140
2109,11376450,USGS,NWIS,2765146
2110,11376458,USGS,NWIS,2495726
2111,11376490,USGS,NWIS,2495730
2112,11376500,USGS,NWIS,2496048
2113,11377200,USGS,NWIS,12068836
2114,11377500,USGS,NWIS,12068708
2115,11378000,USGS,NWIS,12068868
2116,11378860,USGS,NWIS,12068744
2117,11379000,USGS,NWIS,8019804
2118,11380000,USGS,NWIS,12068806
2119,11380500,USGS,NWIS,12068336
2120,11381000,USGS,NWIS,8020232
2121,11381990,USGS,NWIS,12072250
2122,11382090,USGS,NWIS,12074078
2123,11382500,USGS,NWIS,8021348
2124,11382550,USGS,NWIS,8020434
2125,11383000,USGS,NWIS,8020716
2126,11383600,USGS,NWIS,12071016
2127,11384000,USGS,NWIS,12076092
2128,11384600,USGS,NWIS,7996193
2129,11385500,USGS,NWIS,7993243
2130,11387000,USGS,NWIS,7993127
2131,11387500,USGS,NWIS,7993015
2132,11387800,USGS,NWIS,7990737
2133,11388500,USGS,NWIS,12073156
2134,11389390,USGS,NWIS,2849991
2135,11389700,USGS,NWIS,2769334
2136,11389775,USGS,NWIS,2770248
2137,11389950,USGS,NWIS,2770264
2138,11390200,USGS,NWIS,1678945
2139,11390210,USGS,NWIS,1678959
2140,11390660,USGS,NWIS,2843289
2141,11390672,USGS,NWIS,2847739
2142,11391002,USGS,NWIS,2858217
2143,11391050,USGS,NWIS,7975829
2144,11391460,USGS,NWIS,8040707
2145,11392500,USGS,NWIS,8041803
2146,11393000,USGS,NWIS,8039293
2147,11393500,USGS,NWIS,8039191
2148,11394000,USGS,NWIS,8039333
2149,11394620,USGS,NWIS,8037351
2150,11394800,USGS,NWIS,8041823
2151,11395150,USGS,NWIS,8037383
2152,11395300,USGS,NWIS,8037395
2153,11395500,USGS,NWIS,8037557
2154,11396300,USGS,NWIS,8038161
2155,11396330,USGS,NWIS,948020193
2156,11396350,USGS,NWIS,8038141
2157,11396395,USGS,NWIS,8038035
2158,11396396,USGS,NWIS,8038035
2159,11396397,USGS,NWIS,8038035
2160,11396400,USGS,NWIS,8037541
2161,11397000,USGS,NWIS,8038163
2162,11397500,USGS,NWIS,8038117
2163,11400000,USGS,NWIS,2773562
2164,11400200,USGS,NWIS,2773564
2165,11400600,USGS,NWIS,2773564
2166,11401000,USGS,NWIS,2773750
2167,11401100,USGS,NWIS,2773572
2168,11401109,USGS,NWIS,2773570
2169,11401110,USGS,NWIS,2773036
2170,11401150,USGS,NWIS,8027124
2171,11401180,USGS,NWIS,8027906
2172,11401200,USGS,NWIS,8027896
2173,11401300,USGS,NWIS,8026462
2174,11401500,USGS,NWIS,948020984
2175,11401900,USGS,NWIS,8028302
2176,11401940,USGS,NWIS,8029738
2177,11402500,USGS,NWIS,8027908
2178,11403000,USGS,NWIS,8025256
2179,11403050,USGS,NWIS,2773126
2180,11403510,USGS,NWIS,2775518
2181,11403530,USGS,NWIS,2775448
2182,11403700,USGS,NWIS,2776446
2183,11403800,USGS,NWIS,2776436
2184,11404000,USGS,NWIS,2775596
2185,11404100,USGS,NWIS,2775536
2186,11404360,USGS,NWIS,2776466
2187,11404900,USGS,NWIS,2776512
2188,11404901,USGS,NWIS,2776622
2189,11405000,USGS,NWIS,2776622
2190,11405300,USGS,NWIS,2776484
2191,11405500,USGS,NWIS,2776516
2192,11406000,USGS,NWIS,2776518
2193,11406500,USGS,NWIS,2776614
2194,11406848,USGS,NWIS,7968469
2195,11407300,USGS,NWIS,7972059
2196,11407501,USGS,NWIS,7972583
2197,11407810,USGS,NWIS,8058651
2198,11407900,USGS,NWIS,8058617
2199,11408500,USGS,NWIS,8058581
2200,11408501,USGS,NWIS,8058581
2201,11408599,USGS,NWIS,8058581
2202,11408700,USGS,NWIS,8063479
2203,11408850,USGS,NWIS,8063571
2204,11409000,USGS,NWIS,8060677
2205,11409001,USGS,NWIS,8060677
2206,11409300,USGS,NWIS,8060547
2207,11409500,USGS,NWIS,8060667
2208,11410000,USGS,NWIS,8060699
2209,11410001,USGS,NWIS,8060699
2210,11410400,USGS,NWIS,8058361
2211,11410500,USGS,NWIS,8058375
2212,11411000,USGS,NWIS,8058401
2213,11411500,USGS,NWIS,8058513
2214,11412000,USGS,NWIS,8058541
2215,11412500,USGS,NWIS,8058497
2216,11413250,USGS,NWIS,8056663
2217,11413399,USGS,NWIS,8056663
2218,11413500,USGS,NWIS,8060745
2219,11413510,USGS,NWIS,8062243
2220,11413520,USGS,NWIS,8060745
2221,11413600,USGS,NWIS,8060847
2222,11413700,USGS,NWIS,8062471
2223,11413900,USGS,NWIS,8064035
2224,11413950,USGS,NWIS,8064187
2225,11414000,USGS,NWIS,8064109
2226,11414154,USGS,NWIS,8064103
2227,11414155,USGS,NWIS,8064111
2228,11414190,USGS,NWIS,15014833
2229,11414205,USGS,NWIS,8064201
2230,11414210,USGS,NWIS,8064111
2231,11414410,USGS,NWIS,8063521
2232,11414450,USGS,NWIS,8063487
2233,11414470,USGS,NWIS,8063439
2234,11414500,USGS,NWIS,8063439
2235,11415000,USGS,NWIS,8063391
2236,11416200,USGS,NWIS,8063963
2237,11417000,USGS,NWIS,8063831
2238,11417100,USGS,NWIS,8063879
2239,11419000,USGS,NWIS,8062593
2240,11420000,USGS,NWIS,8060527
2241,11420500,USGS,NWIS,8062635
2242,11420700,USGS,NWIS,8061127
2243,11420750,USGS,NWIS,7970363
2244,11420770,USGS,NWIS,7981776
2245,11421700,USGS,NWIS,7972673
2246,11421720,USGS,NWIS,15014349
2247,11421750,USGS,NWIS,15014843
2248,11421760,USGS,NWIS,15014869
2249,11421790,USGS,NWIS,15014455
2250,11423000,USGS,NWIS,15012953
2251,11423500,USGS,NWIS,15013993
2252,11423800,USGS,NWIS,15070276
2253,11424600,USGS,NWIS,7981806
2254,11425310,USGS,NWIS,15007195
2255,11425415,USGS,NWIS,948021109
2256,11425416,USGS,NWIS,14996597
2257,11425417,USGS,NWIS,15022173
2258,11426110,USGS,NWIS,14991663
2259,11426120,USGS,NWIS,14991657
2260,11426130,USGS,NWIS,14991679
2261,11426140,USGS,NWIS,14991679
2262,11426150,USGS,NWIS,14991725
2263,11426160,USGS,NWIS,14991723
2264,11426200,USGS,NWIS,14992405
2265,11426400,USGS,NWIS,14993723
2266,11426500,USGS,NWIS,14992951
2267,11427765,USGS,NWIS,14993187
2268,11427940,USGS,NWIS,14997049
2269,11428000,USGS,NWIS,14993639
2270,11428001,USGS,NWIS,14993639
2271,11428300,USGS,NWIS,14993077
2272,11428600,USGS,NWIS,14992983
2273,11429000,USGS,NWIS,14997921
2274,114296005,USGS,NWIS,14997277
2275,11430500,USGS,NWIS,14997209
2276,11431000,USGS,NWIS,14997367
2277,11431500,USGS,NWIS,14997883
2278,11431800,USGS,NWIS,14997611
2279,11432000,USGS,NWIS,14997597
2280,11432500,USGS,NWIS,14997595
2281,11433040,USGS,NWIS,14997523
2282,11433100,USGS,NWIS,14993021
2283,11433200,USGS,NWIS,14997099
2284,11433260,USGS,NWIS,14993059
2285,11433400,USGS,NWIS,14997497
2286,11433420,USGS,NWIS,14997543
2287,11433500,USGS,NWIS,14994421
2288,11433799,USGS,NWIS,14994487
2289,11433800,USGS,NWIS,14994487
2290,11433930,USGS,NWIS,14994511
2291,11434000,USGS,NWIS,14996683
2292,11435000,USGS,NWIS,14981670
2293,11435500,USGS,NWIS,14982444
2294,11438000,USGS,NWIS,14982664
2295,11439300,USGS,NWIS,14982552
2296,11439501,USGS,NWIS,14982602
2297,11439950,USGS,NWIS,14983438
2298,11440000,USGS,NWIS,14983440
2299,11440500,USGS,NWIS,14983456
2300,11440850,USGS,NWIS,14981578
2301,11441000,USGS,NWIS,14983584
2302,11441002,USGS,NWIS,14981594
2303,11441750,USGS,NWIS,14981706
2304,11442000,USGS,NWIS,14982362
2305,11442500,USGS,NWIS,14982336
2306,11443000,USGS,NWIS,14983408
2307,11443501,USGS,NWIS,14982578
2308,11444201,USGS,NWIS,14982384
2309,11444260,USGS,NWIS,14982384
2310,11444280,USGS,NWIS,14983396
2311,11445000,USGS,NWIS,14982326
2312,11445500,USGS,NWIS,14982094
2313,11446000,USGS,NWIS,14982696
2314,11447030,USGS,NWIS,948021135
2315,11447270,USGS,NWIS,15022247
2316,11447300,USGS,NWIS,15022337
2317,11447330,USGS,NWIS,15022587
2318,11448500,USGS,NWIS,8009273
2319,11448900,USGS,NWIS,8009321
2320,11449000,USGS,NWIS,8009247
2321,11449010,USGS,NWIS,8009247
2322,11449350,USGS,NWIS,8009161
2323,11449450,USGS,NWIS,8009377
2324,11449460,USGS,NWIS,8009333
2325,11450500,USGS,NWIS,8009543
2326,11451500,USGS,NWIS,8007689
2327,11451540,USGS,NWIS,8006831
2328,11451600,USGS,NWIS,8009413
2329,11451690,USGS,NWIS,8007663
2330,11451700,USGS,NWIS,8006795
2331,11451720,USGS,NWIS,8009251
2332,11451760,USGS,NWIS,15027085
2333,11451950,USGS,NWIS,15027249
2334,11452000,USGS,NWIS,15027249
2335,11452600,USGS,NWIS,15034761
2336,11453170,USGS,NWIS,8015389
2337,11453200,USGS,NWIS,8015397
2338,11453550,USGS,NWIS,8015323
2339,11453570,USGS,NWIS,8015475
2340,11453580,USGS,NWIS,8015473
2341,11453600,USGS,NWIS,8015641
2342,11453700,USGS,NWIS,8016365
2343,11454100,USGS,NWIS,15039505
2344,11454500,USGS,NWIS,15039091
2345,11455000,USGS,NWIS,15039031
2346,11455900,USGS,NWIS,1668207
2347,11455950,USGS,NWIS,1670129
2348,11457000,USGS,NWIS,1669117
2349,11457500,USGS,NWIS,1669117
2350,11458100,USGS,NWIS,1669149
2351,11458200,USGS,NWIS,1669177
2352,11458300,USGS,NWIS,1670171
2353,11458350,USGS,NWIS,1669215
2354,11459300,USGS,NWIS,1670289
2355,11459800,USGS,NWIS,1671767
2356,11459830,USGS,NWIS,1671767
2357,11460100,USGS,NWIS,1671593
2358,11460160,USGS,NWIS,5330517
2359,11460170,USGS,NWIS,5330519
2360,11460500,USGS,NWIS,5329503
2361,11460800,USGS,NWIS,5329339
2362,11460920,USGS,NWIS,3879992
2363,11460940,USGS,NWIS,8267787
2364,11461400,USGS,NWIS,8268071
2365,11462700,USGS,NWIS,8271441
2366,11463160,USGS,NWIS,8272593
2367,11463940,USGS,NWIS,8272611
2368,11464050,USGS,NWIS,8270589
2369,11464400,USGS,NWIS,8271511
2370,11464500,USGS,NWIS,8276449
2371,11464860,USGS,NWIS,8270777
2372,11465050,USGS,NWIS,8272097
2373,11465150,USGS,NWIS,8272147
2374,11465500,USGS,NWIS,8272561
2375,11465800,USGS,NWIS,8273229
2376,11466065,USGS,NWIS,8273235
2377,11467295,USGS,NWIS,8281053
2378,11467485,USGS,NWIS,8280889
2379,11467500,USGS,NWIS,8280895
2380,11467600,USGS,NWIS,2666153
2381,11467800,USGS,NWIS,2666827
2382,11467850,USGS,NWIS,2665097
2383,11468010,USGS,NWIS,2664251
2384,11468070,USGS,NWIS,2664341
2385,11468092,USGS,NWIS,2664095
2386,11468150,USGS,NWIS,2663915
2387,11468540,USGS,NWIS,2663733
2388,11518310,USGS,NWIS,3801111
2389,11468600,USGS,NWIS,2662235
2390,11468850,USGS,NWIS,2662013
2391,11468990,USGS,NWIS,2544631
2392,11469500,USGS,NWIS,2544415
2393,11469800,USGS,NWIS,8309948
2394,11471000,USGS,NWIS,8267689
2395,11471800,USGS,NWIS,8306996
2396,11472000,USGS,NWIS,8306718
2397,11472150,USGS,NWIS,8303456
2398,11472160,USGS,NWIS,8306880
2399,11472200,USGS,NWIS,8303480
2400,11472500,USGS,NWIS,8303370
2401,11472800,USGS,NWIS,8294891
2402,11518600,USGS,NWIS,3799425
2403,11472900,USGS,NWIS,8294911
2404,11473000,USGS,NWIS,8294895
2405,11473100,USGS,NWIS,8294919
2406,11473500,USGS,NWIS,8294929
2407,11473530,USGS,NWIS,8294873
2408,11473600,USGS,NWIS,8294989
2409,11473700,USGS,NWIS,8296465
2410,11473800,USGS,NWIS,8296481
2411,11473980,USGS,NWIS,8295179
2412,11474400,USGS,NWIS,2710617
2413,11474500,USGS,NWIS,2709327
2414,11474700,USGS,NWIS,2707227
2415,11474781,USGS,NWIS,2706945
2416,11475100,USGS,NWIS,2706525
2417,11475500,USGS,NWIS,8287608
2418,11475700,USGS,NWIS,8287510
2419,11475940,USGS,NWIS,8285366
2420,11476000,USGS,NWIS,8286744
2421,11476700,USGS,NWIS,2705839
2422,11477475,USGS,NWIS,2705475
2423,11477476,USGS,NWIS,2705567
2424,11477500,USGS,NWIS,2705471
2425,11477700,USGS,NWIS,2705701
2426,11478000,USGS,NWIS,2705575
2427,11478400,USGS,NWIS,2705583
2428,11479000,USGS,NWIS,2702157
2429,11479500,USGS,NWIS,2702217
2430,11479700,USGS,NWIS,8317047
2431,11480000,USGS,NWIS,8316913
2432,11480500,USGS,NWIS,8319947
2433,11480750,USGS,NWIS,8318329
2434,11480780,USGS,NWIS,8319327
2435,11480800,USGS,NWIS,8319321
2436,11482000,USGS,NWIS,8317911
2437,11482110,USGS,NWIS,8316277
2438,11482120,USGS,NWIS,8316251
2439,11482125,USGS,NWIS,8316253
2440,11482130,USGS,NWIS,8316207
2441,11482200,USGS,NWIS,8316133
2442,11482468,USGS,NWIS,8315609
2443,11488700,USGS,NWIS,2556427
2444,11489500,USGS,NWIS,8265434
2445,11490000,USGS,NWIS,8265410
2446,11490500,USGS,NWIS,8265322
2447,11512000,USGS,NWIS,361465
2448,11512500,USGS,NWIS,362889
2449,11516600,USGS,NWIS,361755
2450,11516900,USGS,NWIS,3917176
2451,11517800,USGS,NWIS,361899
2452,11517900,USGS,NWIS,3801023
2453,11517950,USGS,NWIS,3801123
2454,11518000,USGS,NWIS,3801157
2455,11518050,USGS,NWIS,3801189
2456,11518200,USGS,NWIS,3801213
2457,11519000,USGS,NWIS,3798313
2458,11521000,USGS,NWIS,4439058
2459,11522200,USGS,NWIS,4439186
2460,11522260,USGS,NWIS,4439906
2461,11522300,USGS,NWIS,8258791
2462,11522400,USGS,NWIS,8257967
2463,11523030,USGS,NWIS,4442370
2464,11523050,USGS,NWIS,4441788
2465,11523700,USGS,NWIS,8242714
2466,11524000,USGS,NWIS,8246480
2467,11525430,USGS,NWIS,2782679
2468,11525535,USGS,NWIS,8245776
2469,11525800,USGS,NWIS,8245890
2470,11526000,USGS,NWIS,8245876
2471,11527400,USGS,NWIS,8243406
2472,11527500,USGS,NWIS,8243630
2473,11528000,USGS,NWIS,8243752
2474,11528100,USGS,NWIS,8234926
2475,11528200,USGS,NWIS,8232534
2476,11528400,USGS,NWIS,8232828
2477,11528440,USGS,NWIS,8232726
2478,11528500,USGS,NWIS,8232496
2479,11529000,USGS,NWIS,8231982
2480,11529500,USGS,NWIS,8231928
2481,11529800,USGS,NWIS,8243370
2482,11530020,USGS,NWIS,8241162
2483,11530150,USGS,NWIS,4441692
2484,11530300,USGS,NWIS,4441134
2485,11531000,USGS,NWIS,22227632
2486,11531500,USGS,NWIS,22227604
2487,11532000,USGS,NWIS,22226814
2488,11532620,USGS,NWIS,22227042
2489,11532700,USGS,NWIS,22226680
2490,11533000,USGS,NWIS,22227020
2491,14361590,USGS,NWIS,360243
2492,324622117121200,USGS,NWIS,20331504
2493,10260855,USGS,NWIS,22658651
2494,FBL,Sutter County,CDEC,7972633
2495,9524700,USGS,NWIS,21412775
2496,9526200,USGS,NWIS,21412079
2497,11136040,USGS,NWIS,17620080
2498,9527590,USGS,NWIS,22604123
2499,11525630,USGS,NWIS,8245864
2500,OCL,USGS,NWIS,2827158
2501,11253130,USGS,NWIS,19784539
2502,11336680,USGS,NWIS,1889600
2503,11455167,USGS,NWIS,15048145
2504,11455350,USGS,NWIS,948021229
2505,11459150,USGS,NWIS,1670231
2506,11475610,USGS,NWIS,8288668
2507,11526500,USGS,NWIS,8244332
2508,381148122024801,USGS,NWIS,2784695
2509,9429000,USGS,NWIS,10010638
2510,9523000,USGS,NWIS,21412575
2511,9523200,USGS,NWIS,21412815
2512,9523400,USGS,NWIS,21411795
2513,9523600,USGS,NWIS,21411897
2514,9523800,USGS,NWIS,21411943
2515,9524000,USGS,NWIS,21412615
2516,9527594,USGS,NWIS,22599961
2517,9527597,USGS,NWIS,22594145
2518,9527700,USGS,NWIS,22603121
2519,9530000,USGS,NWIS,21412135
2520,9530500,USGS,NWIS,21412621
2521,BAS,CA Dept of Water Resources,CDEC,2766098
2522,BNF,CA Dept of Water Resources,CDEC,948020788
2523,A00268,DWR,WDL,12068732
2524,A00647,DWR,WDL,2848647
2525,A00910,DWR,WDL,1683611
2526,A00928,DWR,WDL,12075698
2527,A02380,DWR,WDL,2852727
2528,A02926,DWR,WDL,2858181
2529,A02933,DWR,WDL,2855367
2530,A02963,DWR,WDL,2852667
2531,A02965,DWR,WDL,2852629
2532,A02971,DWR,WDL,948020908
2533,A02980,DWR,WDL,1683609
2534,A04120,DWR,WDL,1683179
2535,A04150,DWR,WDL,1683215
2536,A04250,DWR,WDL,12076108
2537,A04280,DWR,WDL,1680005
2538,A04330,DWR,WDL,12071170
2539,A04910,DWR,WDL,1680005
2540,A05120,DWR,WDL,7972675
2541,A05922,DWR,WDL,2852667
2542,A05927,DWR,WDL,7972307
2543,A05929,DWR,WDL,7972307
2544,A06110,DWR,WDL,7982916
2545,A13060,DWR,WDL,7918607
2546,A17300,DWR,WDL,7948038
2547,A81940,DWR,WDL,8005897
2548,A85610,DWR,WDL,8009461
2549,A85710,DWR,WDL,8009441
2550,A91812,DWR,WDL,8272593
2551,B00470,DWR,WDL,19771543
2552,B00770,DWR,WDL,19784447
2553,B00975,DWR,WDL,19784291
2554,B05570,DWR,WDL,19777211
2555,B06151,DWR,WDL,19771743
2556,B06170,DWR,WDL,17094601
2557,B06725,DWR,WDL,19778977
2558,B08735,DWR,WDL,2827158
2559,B56100,DWR,WDL,19777199
2560,B62410,DWR,WDL,17099595
2561,B67285,DWR,WDL,17099879
2562,B81150,DWR,WDL,19780285
2563,B95295,DWR,WDL,1894376
2564,C01120,DWR,WDL,17154762
2565,C02602,DWR,WDL,17154442
2566,C03169,DWR,WDL,17155324
2567,C03182,DWR,WDL,17159724
2568,C03913,DWR,WDL,17159188
2569,C03923,DWR,WDL,17155324
2570,C03925,DWR,WDL,17155448
2571,C03948,DWR,WDL,17155480
2572,C03960,DWR,WDL,17155560
2573,C03965,DWR,WDL,17159718
2574,C03970,DWR,WDL,17159738
2575,C03984,DWR,WDL,17155480
2576,C05150,DWR,WDL,17173720
2577,C05180,DWR,WDL,17172888
2578,F21393,DWR,WDL,7965077
2579,F21930,DWR,WDL,3917464
2580,F26050,DWR,WDL,3801191
2581,G14500,DWR,WDL,20318442
2582,G15150,DWR,WDL,20314848
2583,G31139,DWR,WDL,20291957
2584,G32100,DWR,WDL,20292929
2585,G42460,DWR,WDL,20292277
2586,PTC,DWR,WDL,15039031
2587,MLW,DWR,WDL,2849991
2588,JTR,DWR,WDL,1909446
2589,ELN,DWR,WDL,19772233
2590,CLW,DWR,WDL,2852717
2591,BPD,DWR,WDL,1680009
2592,BAC,DWR,WDL,1909424
2593,SRX,DWR,WDL,3917464
2594,MPD,DWR,WDL,948010105
2595,MNM,DWR,WDL,3799545
2596,HCN,DWR,WDL,7952754
2597,DRE,DWR,WDL,3918012
